title,url,processor Type,Generation,Price
Lenovo IdeaPad D330 10IGL Intel CDC N4020 4GB RAM 128GB eMMC 10.1 Inch HD IPS Touch Display Mineral Grey Laptop,https://www.ryanscomputers.com/lenovo-ideapad-d330-10igl-intel-cdc-n4020-mineral-grey-laptop, Intel Celeron, Not Applicable,"Tk 34,500 "
HP 15s-eq1578AU AMD Athlon Silver 3050U 8GB 256GB SSD 15.6 Inch FHD Display Silver Laptop,https://www.ryanscomputers.com/hp-15s-eq1578au-amd-athlon-silver-3050u-15.6-inch-fhd-display-silver-laptop, AMD Athlon, Not Applicable,"Tk 46,500 "
"Acer Aspire 3 A315-510P-38RH (13th Gen Standard) Intel Core i3 N305 8GB RAM, 512GB SSD 15.6 Inch FHD Display Pure Silver Laptop",https://www.ryanscomputers.com/acer-aspire-3-a315-510p-38rh-intel-core-i3-n305-8gb-ram--512gb-ssd-15.6-inch-fhd-display-pure-silver-laptop, Core i3, 13th Standard (Intel), 
Lenovo IdeaPad 1 15ADA7 AMD Ryzen 3 3250U 8GB RAM 512GB SSD 15.6 Inch FHD Display Cloud Grey Laptop,https://www.ryanscomputers.com/lenovo-ideapad-1-15ada7-amd-ryzen-3-3250u-15.6-inch-fhd-display-cloud-grey-laptop, Ryzen 3, Not Applicable,"Tk 49,800 "
Lenovo IdeaPad Slim 3i 15ITL 11th Gen Intel Core i3 1115G4 4GB RAM 256GB SSD 15.6 Inch FHD Display Arctic Grey Laptop,https://www.ryanscomputers.com/lenovo-ideapad-slim-3i-15itl-11th-gen-intel-core-i3-1115g4-15.6-inch-fhd-display-arctic-grey-laptop, Core i3, 11th (Intel), 
Acer Aspire Lite AL15-51 Intel Core i3 1115G4 8GB RAM 512GB SSD 15.6 Inch FHD Display Titanium Gray Laptop,https://www.ryanscomputers.com/acer-aspire-lite-al15-51-intel-core-i3-1115g4-8gb-15.6-inch-fhd-display-titanium-gray-laptop, Core i3, 11th (Intel),"Tk 49,900 "
Acer Aspire 3 A315-24P AMD Ryzen 3 7320U 8GB RAM 512GB SSD 15.6 Inch FHD Display Pure Silver Laptop#UN.KDESI.027,https://www.ryanscomputers.com/acer-aspire-3-a315-24p-amd-ryzen-3-7320u-8gb-ram-512gb-ssd-15.6-inch-fhd-display-pure-silver-laptop, Ryzen 3, Not Applicable,"Tk 51,400 "
Lenovo IdeaPad 1 15AMN7 AMD Ryzen 3 7320U 8GB RAM 512GB SSD 15.6 Inch FHD Display Sand Laptop,https://www.ryanscomputers.com/lenovo-ideapad-1-15amn7-amd-ryzen-3-7320u-15.6-inch-fhd-display-sand-laptop, Ryzen 3, Not Applicable,"Tk 51,500 "
HP 15s-fq5486TU Intel Core i3 1215U 4GB RAM 256GB SSD 15.6 Inch FHD Display Black Laptop,https://www.ryanscomputers.com/hp-15s-fq5486tu-intel-core-i3-1215u-15.6-inch-fhd-display-black-laptop, Core i3, 12th (Intel), 
Acer Aspire 3 A315-59-390P Intel Core i3 1215U 8GB RAM 512GB SSD 15.6 Inch FHD Display Pure Silver Laptop,https://www.ryanscomputers.com/acer-aspire-3-a315-59-390p-intel-core-i3-1215u-15.6-inch-fhd-display-pure-silver-laptop, Core i3, 12th (Intel),"Tk 53,000 "
"Acer Aspire 3 A315-59-332B Intel Core i3 1215U 8GB RAM, 512GB SSD 15.6 Inch FHD Display Pure Silver Laptop #NX.K6TSI.00H/UN.K6TSI.024",https://www.ryanscomputers.com/acer-aspire-3-a315-59-332b-intel-core-i3-1215u-8gb-ram-512gb-ssd-15.6-inch-fhd-display-pure-silver-laptop, Core i3, 12th (Intel),"Tk 53,400 "
Huawei MateBook D 15 Intel Core i3 1115G4 8GB RAM 256GB SSD 15.6 Inch FHD Display Silver Laptop,https://www.ryanscomputers.com/huawei-matebook-d-15-11th-gen-intel-core-i3-1115g4-15.6-inch-fhd-display-silver-laptop, Core i3, 11th (Intel),"Tk 56,500 "
Dell Inspiron 15 3520 Intel Core i3 1215U 8GB RAM 512GB SSD 15.6 Inch FHD Display Platinum Silver Laptop,https://www.ryanscomputers.com/dell-inspiron-15-3520-intel-core-i3-1215u-15.6-inch-fhd-display-platinum-silver-laptop, Core i3, 12th (Intel),"Tk 57,000 "
Acer Aspire Lite AL15-41 AMD Ryzen 5 5500U 8GB RAM 512GB SSD 15.6 Inch FHD Display Titanium Gray Laptop,https://www.ryanscomputers.com/acer-aspire-lite-al15-41-amd-ryzen-5-5500u-15.6-inch-fhd-display-titanium-gray-laptop, Ryzen 5, Not Applicable,"Tk 57,500 "
Acer Aspire 5 5P-A515-58P Intel Core i3 1305U 8GB RAM 512GB SSD 15.6 Inch FHD Display Steel Gray Laptop,https://www.ryanscomputers.com/acer-aspire-5-5p-a515-58p-intel-core-i3-1305u-15.6-inch-fhd-ips-display-steel-gray-laptop, Core i3, 13th (Intel),"Tk 60,500 "
Acer Aspire Lite AL15-51 Intel Core i5 1155G7 8GB RAM 512GB SSD 15.6 Inch FHD Display Titanium Gray Laptop,https://www.ryanscomputers.com/acer-aspire-lite-al15-51-intel-core-i5-1155g7-15.6-inch-fhd-display-titanium-gray-laptop, Core i5, 11th (Intel),"Tk 60,500 "
Asus VivoBook 15 X1500EA Intel Core i3 1115G4 8GB RAM 1TB HDD 15.6 Inch FHD WV Display Indie Black Laptop,https://www.ryanscomputers.com/asus-vivobook-15-x1500ea-intel-core-i3-1115g4-1tb-hdd-15.6-inch-fhd-wv-display-indie-black-laptop, Core i3, 11th (Intel),"Tk 61,000 "
HP 15s-fq5786TU Intel Core i3 1215U 8GB RAM 512GB SSD 15.6 Inch FHD Display Silver Laptop,https://www.ryanscomputers.com/hp-15s-fq5786tu-intel-core-i3-1215u15.6-inch-fhd-display-silver-laptop, Core i3, 12th (Intel), 
Asus VivoBook 15 X1502ZA Intel Core i3 1215U 4GB RAM 256GB SSD 15.6 Inch FHD Display Terra Cotta Laptop,https://www.ryanscomputers.com/asus-vivobook-15-x1502za-intel-core-i3-1215u-15.6-inch-fhd-display-terra-cotta-laptop, Core i3, 12th (Intel),"Tk 61,500 "
Asus X515EA Intel Core i5 1135G7 4GB RAM 1TB HDD 15.6 Inch FHD Display Peacock Blue Laptop,https://www.ryanscomputers.com/asus-x515ea-intel-core-i5-1135g7-15.6-inch-fhd-display-peacock-blue-laptop, Core i5, 11th (Intel),"Tk 61,500 "
Asus X515EA Intel Core i5 1135G7 4GB RAM 1TB HDD 15.6 Inch FHD Display Slate Grey Laptop #EJ2460W-X515EA,https://www.ryanscomputers.com/asus-x515ea-intel-core-i5-1135g7-15.6-inch-fhd-display-slate-grey-laptop-ej2460w-x515ea, Core i5, 11th (Intel), 
Acer Aspire 3 A315-59-5031 Intel Core i5 1235U 8GB RAM 512GB SSD 15.6 Inch FHD Display Pure Silver Laptop,https://www.ryanscomputers.com/acer-aspire-3-a315-59-5031-intel-core-i5-1235u-15.6-inch-fhd-display-pure-silver-laptop, Core i5, 12th (Intel),"Tk 62,800 "
Dell Latitude 15-3520 Intel Core i5 1135G7 8GB RAM 256GB SSD 15.6 Inch HD Display Black Laptop,https://www.ryanscomputers.com/dell-latitude-15-3520-11th-gen-intel-core-i5-1135g7-15.6-inch-hd-display-black-laptop, Core i5, 11th (Intel),"Tk 63,500 "
Huawei MateBook D 15 Intel Core i5 1135G7 8GB RAM 512GB SSD 15.6 Inch FHD Display Silver Laptop,https://www.ryanscomputers.com/huawei-matebook-d-15-intel-core-i5-1135g7-15.6-inch-fhd-silver-laptop, Core i5, 11th (Intel),"Tk 63,900 "
Huawei MateBook B3-520 Intel Core i5 1135G7 8GB RAM 512GB SSD 15.6 Inch FHD Display Space Gray Laptop,https://www.ryanscomputers.com/huawei-matebook-b3-520-15.6-inch-space-gray-laptop, Core i5, 11th (Intel),"Tk 68,500 "
"Acer Swift Go 14 SFG14-41-R5RB AMD Ryzen 5 7530U 8GB RAM, 512GB SSD 14 Inch FHD Display Pure Silver Laptop",https://www.ryanscomputers.com/acer-swift-go-14-sfg14-41-r5rb-amd-ryzen-5-7530u-8gb-ram-512gb-ssd-14-inch-fhd-display-pure-silver-laptop, Ryzen 5, Not Applicable,"Tk 68,500 "
Acer TravelMate P214-53-72WA Intel Core i7 1165G7 8GB RAM 512GB SSD 14 Inch FHD Display Shale Black Laptop,https://www.ryanscomputers.com/acer-travelmate-p214-53-72wa-14-inch-shale-black-laptop, Core i7, 11th (Intel),"Tk 71,500 "
Lenovo IdeaPad Slim 3 15ABR8 AMD Ryzen 7 7730U 8GB RAM 512GB SSD 15.6 Inch FHD Antiglare IPS Display Arctic Grey Laptop,https://www.ryanscomputers.com/lenovo-ideapad-slim-3-15abr8-amd-ryzen-7-7730u-15.6-inch-fhd-antiglare-ips-display-arctic-grey-laptop, Ryzen 7, Not Applicable,"Tk 73,500 "
Lenovo IdeaPad Slim 3i 15ITL6 Intel Core i7 1165G7 8GB RAM 512GB SSD 15.6 Inch FHD Antiglare Display Arctic Grey Laptop #82H803EUIN-2Y,https://www.ryanscomputers.com/lenovo-ideapad-slim-3i-15itl6-intel-core-i7-1165g7-15.6-inch-fhd-antiglare-display-arctic-grey-laptop-82h803euin, Core i7, 11th (Intel),"Tk 76,000 "
Dell Inspiron 15 3525 AMD Ryzen 7 5825U 8GB RAM 512GB SSD 15.6 Inch FHD Display Platinum Silver Laptop,https://www.ryanscomputers.com/dell-inspiron-15-3525-amd-ryzen-7-5825u-15.6-inch-fhd-display-platinum-silver-laptop, Ryzen 7, Not Applicable,"Tk 76,000 "
MSI Modern 15 A11MU Intel Core i7 1195G7 8GB RAM 512GB SSD 15.6 Inch FHD Display Carbon Gray Laptop,https://www.ryanscomputers.com/msi-modern-15-a11mu-intel-core-i7-1195g7-15.6-inch-fhd-ips-display-carbon-gray-laptop, Core i7, 11th (Intel),"Tk 77,000 "
MSI Modern 14 C11M Intel Core i7 1195G7 8GB RAM 512GB SSD 14 Inch FHD Display Classic Black Laptop,https://www.ryanscomputers.com/msi-modern-14-c11m-11th-gen-intel-core-i7-1195g7-14-inch-fhd-ips-60hz-display-classic-black-laptop, Core i7, 11th (Intel),"Tk 82,500 "
Lenovo IdeaPad Slim 3i 15ITL6 Intel Core i7 1165G7 8GB RAM 512GB SSD 15.6 Inch FHD Antiglare LED Display Abyss Blue Laptop,https://www.ryanscomputers.com/lenovo-ideapad-slim-3i-15itl6-intel-core-i7-1165g7-15.6-inch-fhd-antiglare-led-display-abyss-blue-laptop, Core i7, 11th (Intel),"Tk 83,000 "
"Acer Aspire 5 5M-A515-58GM Intel Core i5 1335U 16GB RAM, 512GB SSD 15.6 Inch FHD IPS Display Steel Gray Gaming Laptop",https://www.ryanscomputers.com/acer-aspire-5-5m-a515-58gm-intel-core-i5-1335u-16gb-ram-512gb-ssd-15.6-inch-fhd-ips-display-steel-gray-gaming-laptop, Core i5, 13th (Intel), 
"Acer Swift Go 14 SFG14-71-557P Intel Core i5 13500H 16GB RAM, 512GB SSD 14 Inch 2.8K OLED WQHD Display Sunshiny Gold Laptop",https://www.ryanscomputers.com/acer-swift-go-14-sfg14-71-557p-intel-core-i5-13500h-16gb-ram-512gb-ssd-14-inch-2.8k-oled-wqhd-display-sunshiny-gold-laptop, Core i5, 13th (Intel),"Tk 88,000 "
Gigabyte Gaming G5 KE Intel Core i5 12500H 8GB RAM 512GB SSD 15.6 Inch FHD Display Matte Black Gaming Laptop,https://www.ryanscomputers.com/gigabyte-gaming-g5-ke-intel-core-i5-12500h-15.6-inch-fhd-display-512gb-ssd-matte-black-gaming-laptop, Core i5, 12th (Intel),"Tk 88,500 "
Lenovo IdeaPad Gaming 3i 15IHU Intel Core i7 11370H 16GB RAM 1TB HDD + 256GB SSD 15.6 Inch FHD Display Shadow Black Gaming Laptop #82K100WFIN-3Y,https://www.ryanscomputers.com/lenovo-ideapad-gaming-3i-15ihu-intel-core-i7-11370h-shadow-black-gaming-laptop, Core i7, 11th (Intel),"Tk 89,500 "
Chuwi HeroBook Pro Intel CDC N4020 8GB RAM 256GB SSD 14.1 Inch FHD Display Grey Laptop,https://www.ryanscomputers.com/chuwi-herobook-pro-intel-cdc-n4020-14.1-inch-fhd-display-grey-laptop, Intel Celeron, Not Applicable,"Tk 95,000 "
Chuwi GemiBook XPro Intel Core N100 8GB RAM 256GB SSD 14.1 Inch FHD Display Grey Laptop,https://www.ryanscomputers.com/chuwi-gemibook-xpro-intel-core-n100-14.1-inch-fhd-display-grey-laptop, Intel Celeron, 12th Standard (Intel),"Tk 95,500 "
Lenovo IdeaPad Slim 3i 15IGL Intel CDC N4020 4GB RAM 1TB HDD 15.6 Inch HD Display Platinum Grey Laptop,https://www.ryanscomputers.com/lenovo-ideapad-slim-3i-15igl-intel-cdc-n4020-15.6-inch-hd-display-platinum-grey-laptop-81wq00q2in-2y, Core N100, Not Applicable,"Tk 99,500 "
Chuwi GemiBook Plus Intel Core N100 8GB RAM 256GB SSD 15.6 Inch FHD Display Grey Laptop,https://www.ryanscomputers.com/chuwi-gemibook-plus-intel-core-n100-15.6-inch-fhd-display-grey-laptop, Intel Celeron, 12th Standard (Intel),"Tk 119,000 "
Lenovo IdeaPad Slim 3i 15IGL Intel CDC N4020 4GB RAM 1TB HDD 15.6 Inch HD Antiglare Display Platinum Grey Laptop,https://www.ryanscomputers.com/lenovo-ideapad-slim-3i-15igl-intel-cdc-n4020-platinum-grey-laptop, Intel Celeron, Not Applicable,"Tk 146,000 "
"Lenovo IdeaPad Slim 1i 15IGL7 Intel CDC N4020 8GB RAM, 256GB SSD 15.6 Inch FHD Display Cloud Grey Laptop",https://www.ryanscomputers.com/lenovo-ideapad-slim-1i-15igl7-intel-cdc-n4020-8gb-ram-256gb-ssd-15.6-inch-fhd-display-cloud-grey-laptop, Intel Celeron, Not Applicable,"Tk 118,000 "
HP 250 G8 Intel CDC N4020 4GB RAM 1TB HDD 15.6 Inch FHD Display Dark Ash Silver Laptop,https://www.ryanscomputers.com/hp-250-g8-intel-cdc-n4020-15.6-inch-fhd-display-dark-ash-silver-laptop, Intel Celeron, Not Applicable,"Tk 28,800 "
Asus X415KA Intel CDC N4500 4GB RAM 1TB HDD 14 Inch FHD Display Slate Grey Laptop,https://www.ryanscomputers.com/asus-x415ka-intel-cdc-n4500-14-inch-slate-grey-laptop, Intel Celeron, Not Applicable,"Tk 34,900 "
Asus X515MA Intel CDC N4020 4GB RAM 1TB HDD 15.6 Inch FHD Display Transparent Silver Laptop #BQ675W-X515MA,https://www.ryanscomputers.com/asus-x515ma-intel-cdc-n4020-15.6-inch-fhd-wv-display-transparent-silver-laptop, Intel Celeron, Not Applicable,"Tk 35,000 "
Asus X515KA Intel CDC N4500 4GB RAM 1TB HDD 15.6 Inch FHD Display Transparent Silver Laptop,https://www.ryanscomputers.com/asus-x515ka-intel-cdc-n4500-4gb-ddr4-15.6-inch-display-fhd-transparent-silver-laptop, Intel Celeron, Not Applicable,"Tk 35,900 "
Asus X515KA Intel CDC N4500 4GB RAM 1TB HDD 15.6 Inch FHD Display Slate Grey Laptop,https://www.ryanscomputers.com/asus-x515ka-intel-cdc-n4500-15.6-inch-fhd-display-slate-grey-laptop, Intel Celeron, Not Applicable,"Tk 36,000 "
Asus X515MA Intel CDC N4020 4GB RAM 1TB HDD 15.6 Inch FHD Display Slate Grey Laptop,https://www.ryanscomputers.com/asus-x515ma-intel-cdc-n4020-15.6-inch-fhd-display-slate-grey-laptop, Intel Celeron, Not Applicable,"Tk 36,500 "
Asus VivoBook 14 E410MA Intel CDC N4020 4GB RAM 256GB SSD 14 Inch HD Display Blue Laptop,https://www.ryanscomputers.com/asus-vivobook-14-e410ma-peacock-blue-laptop, Core i3, Not Applicable,"Tk 38,500 "
Acer Extensa 15 EX215-54-34SE Intel Core i3 1115G4 4GB RAM 1TB HDD 15.6 Inch FHD Display Charcoal Black Laptop,https://www.ryanscomputers.com/acer-extensa-15-ex215-54-34se-intel-core-i3-1115g4-15.6-inch-fhd-charcoal-black-laptop, Ryzen 3, 11th (Intel),"Tk 39,500 "
Asus D415DA AMD Ryzen 3 3250U 4GB RAM 1TB HDD 14 Inch HD Display Slate Grey Laptop,https://www.ryanscomputers.com/asus-d415da-amd-ryzen-3-3250u-14-inch-hd-display-slate-grey-laptop, Ryzen 3, Not Applicable,"Tk 40,500 "
Asus M515DA AMD Ryzen 3 3250U 4GB RAM 1TB HDD 15.6 Inch HD Display Slate Grey Laptop,https://www.ryanscomputers.com/asus-m515da-amd-ryzen-3-3250u-15.6-inch-hd-led-display-slate-grey-laptop, Intel Celeron, Not Applicable,"Tk 40,500 "
Asus E510MA Intel CDC N4020 4GB RAM 512GB SSD 15.6 Inch FHD Display Star Black Laptop #EJ601W-E510MA,https://www.ryanscomputers.com/asus-e510ma-star-black-laptop, Ryzen 3, Not Applicable,"Tk 40,500 "
"Asus D415DA AMD Ryzen 3 3250U 8GB RAM 1TB HDD 14 Inch HD Display, Slate Grey Laptop",https://www.ryanscomputers.com/asus-d415da-amd-ryzen-3-3250u-8gb-ram-1tb-hdd-14-inch-hd-display-slate-grey-laptop, Ryzen 3, Not Applicable,"Tk 43,500 "
Asus M515DA AMD Ryzen 3 3250U 8GB RAM 1TB HDD 15.6 Inch HD Display Slate Grey Laptop,https://www.ryanscomputers.com/asus-m515da-amd-ryzen-3-3250u-15.6-inch-hd-display-slate-grey-laptop, Ryzen 3, Not Applicable,"Tk 44,000 "
Chuwi MiniBook X 2 in 1 Intel Core N100 12GB RAM 512GB SSD 10.5 Inch FHD+ WUXGA Touch Display Grey Laptop,https://www.ryanscomputers.com/chuwi-minibook-x-2-in-1-intel-core-n100-10.5-inch-fhd-plus-wuxga-touch-display-grey-laptop, Ryzen 3, 12th Standard (Intel),"Tk 46,500 "
Asus D515DA AMD Ryzen 3 3250U 4GB RAM 512GB SSD 15.6 Inch FHD Display Slate Grey Laptop #EJ1325W-D515DA,https://www.ryanscomputers.com/asus-d515da-amd-ryzen-3-3250u-15.6-inch-fhd-display-win-11-slate-grey-laptop, Core i5, Not Applicable,"Tk 46,500 "
Asus D515DA AMD Ryzen 3 3250U 4GB RAM 512GB SSD 15.6 Inch FHD Display Slate Grey Laptop #D515DA-EJ1576W,https://www.ryanscomputers.com/asus-d515da-amd-ryzen-3-3250u-15.6-inch-fhd-display-slate-grey-laptop-d515da-ej1576w, Core i3, Not Applicable,"Tk 46,500 "
Chuwi UBook X 2 in 1 Intel Core i5 10210Y 8GB RAM 256GB SSD 12 Inch 2K Touch Display Grey Laptop,https://www.ryanscomputers.com/chuwi-ubook-x-2-in-1-intel-core-i5-10210y-12-inch-2k-touch-display-grey-laptop, Ryzen 3, 10th (Intel),"Tk 47,000 "
Lenovo IdeaPad Slim 3i 15ITL6 Core i3 1115G4 4GB RAM 1TB HDD 15.6 Inch FHD Display Arctic Grey Laptop,https://www.ryanscomputers.com/lenovo-ideapad-slim-3i-15itl6-core-i3-1115g4-15.6-inch-fhd-display-arctic-grey-laptop, Core i3, 11th (Intel),"Tk 47,900 "
Lenovo IdeaPad 1 15AMN7 AMD Ryzen 3 7320U 8GB RAM 512GB SSD 15.6 Inch FHD Display Cloud Grey Laptop,https://www.ryanscomputers.com/lenovo-ideapad-1-15amn7-amd-ryzen-3-7320u-15.6-inch-fhd-display-cloud-grey-laptop, Core i3, Not Applicable,"Tk 47,900 "
Acer Aspire 3 A315-510P (13th Gen Standard) Intel Core i3 N305 8GB RAM 512GB SSD 15.6 Inch FHD Display Pure Silver Laptop,https://www.ryanscomputers.com/acer-aspire-3-a315-510p-intel-core-i3-n305-15.6-inch-fhd-display-pure-silver-laptop-nx.kdhsi.001, Core i3, 13th Standard (Intel),"Tk 47,900 "
HP 15s-du3611TU Intel Core i3 1125G4 4GB RAM 1TB HDD 15.6 Inch FHD Display Jet Black Laptop,https://www.ryanscomputers.com/hp-15s-du3611tu-intel-core-i3-1125g4-15.6-inch-fhd-display-jet-black-laptop, Ryzen 3, 11th (Intel),"Tk 48,900 "
MSI Modern 14 C11M Intel Core i3 1115G4 8GB RAM 512GB SSD 14 Inch FHD Display Classic Black Laptop#9S7-14J312-242,https://www.ryanscomputers.com/msi-modern-14-c11m-11th-gen-intel-core-i3-1115g4-14-inch-fhd-ips-display-classic-black-laptop, Core i3, 11th (Intel),"Tk 48,900 "
"Dell Inspiron 15 3535 AMD Ryzen 3 7320U 8GB RAM, 256GB SSD 15.6 Inch FHD Display Carbon Black Laptop",https://www.ryanscomputers.com/dell-inspiron-15-3535-amd-ryzen-3-7320u-8gb-ram-256gb-ssd-15.6-inch-fhd-display-carbon-black-laptop, Core i3, Not Applicable,"Tk 49,900 "
HP 250 G8 Intel Core i3 1115G4 4GB RAM 1TB HDD 15.6 Inch FHD Display Ash Silver Laptop,https://www.ryanscomputers.com/hp-250-g8-11th-gen-intel-core-i3-1115g4-15.6-inch-fhd-display-ash-silver-laptop, Core i3, 11th (Intel),"Tk 52,900 "
"Lenovo IdeaPad Slim 3i 14IAU7 Intel Core i3 1215U 8GB RAM, 256GB SSD 14 Inch FHD Display Misty Blue Laptop",https://www.ryanscomputers.com/lenovo-ideapad-slim-3i-14iau7-intel-core-i3-1215u-8gb-ram-256gb-ssd-14-inch-fhd-display-misty-blue-laptop, Core i3, 12th (Intel),"Tk 53,400 "
Lenovo IdeaPad Slim 3i 14ITL Intel Core i3 1115G4 8GB RAM 256GB SSD 14 Inch FHD Display Arctic Grey Laptop,https://www.ryanscomputers.com/lenovo-ideapad-slim-3i-14itl-14-inch-arctic-grey-laptop, Core i3, 11th (Intel),"Tk 54,000 "
Asus ExpertBook P2451FA Intel Core i3 10110U 4GB RAM 1TB HDD 14 Inch FHD Display Star Black Laptop,https://www.ryanscomputers.com/asus-expertbook-p2451fa-intel-core-i3-10110u-14-inch-fhd-led-display-star-black-laptop-ek3345-p2451fa, Core i3, 10th (Intel),"Tk 55,500 "
HP 240 G8 Intel Core i3 1115G4 8GB RAM 1TB HDD 14 Inch FHD Display Ash Laptop,https://www.ryanscomputers.com/hp-240-g8-intel-core-i3-1115g4-14-inch-fhd-display-ash-laptop, Core i3, 11th (Intel),"Tk 56,000 "
HP 250 G8 Intel Core i3 1115G4 8GB RAM 1TB HDD 15.6 Inch FHD Display Silver Laptop,https://www.ryanscomputers.com/hp-250-g8-11th-gen-intel-core-i3-1115g4-15.6-inch-fhd-display-silver-laptop, Core i3, 11th (Intel),"Tk 56,000 "
Lenovo IdeaPad Slim 3i 15ITL6 Intel Core i3 1115G4 8GB RAM 512GB SSD 15.6 Inch FHD Display Arctic Grey Laptop,https://www.ryanscomputers.com/lenovo-ideapad-slim-3i-15itl6-intel-core-i3-1115g4-15.6-inch-fhd-display-arctic-grey-laptop, Ryzen 3, 11th (Intel),"Tk 56,500 "
Lenovo IdeaPad Slim 3i 14ITL6 Intel Core i3 1115G4 8GB RAM 512GB SSD 14 Inch FHD Display Arctic Grey Laptop,https://www.ryanscomputers.com/lenovo-ideapad-slim-3i-14itl6-intel-core-i3-1115g4-14-inch-fhd-display-arctic-grey-laptop, Ryzen 5, 11th (Intel),"Tk 56,500 "
HP 255 G8 AMD Ryzen 3 5300U 8GB RAM 1TB HDD 15.6 Inch FHD Display Silver Laptop,https://www.ryanscomputers.com/hp-255-g8-amd-ryzen-3-5300u-8gb-ram-1tb-hdd-15.6-inch-fhd-display-silver-laptop, Core i5, Not Applicable,"Tk 56,900 "
Acer Aspire 3 A315-24P AMD Ryzen 5 7520U 8GB RAM 15.6 Inch FHD Display Pure Silver Laptop,https://www.ryanscomputers.com/acer-aspire-3-a315-24p-amd-ryzen-5-7520u-8gb-ram-15.6-inch-fhd-display-pure-silver-laptop, Core i5, Not Applicable,"Tk 57,000 "
"Infinix INBOOK Y2 Plus Intel Core i5 1155G7 8GB RAM, 512GB SSD 15.6 Inch FHD Display Silver Laptop",https://www.ryanscomputers.com/infinix-in-book-y2-plus-intel-core-i5-1155g7-8gb-ram-512gb-ssd-15.6-inch-fhd-display-silver-laptop, Core i3, 11th (Intel),"Tk 57,500 "
"Infinix INBOOK Y2 Plus Intel Core i5 1155G7 8GB RAM, 512GB SSD 15.6 Inch FHD Display Grey Laptop",https://www.ryanscomputers.com/infinix-inbook-y2-plus-intel-core-i5-1155g7-8gb-ram-512gb-ssd-15.6-inch-fhd-display-grey-laptop, Core i3, 11th (Intel),"Tk 57,500 "
Lenovo V15 Gen 3 Intel Core i3 1215U 8GB RAM 512GB SSD 15.6 Inch FHD Display Iron Grey Laptop,https://www.ryanscomputers.com/lenovo-v15-gen-3-intel-core-i3-1215u-15.6-inch-fhd-display-iron-grey-laptop, Core i3, 12th (Intel),"Tk 57,500 "
"Lenovo IdeaPad Slim 3i 14IAU7 Intel Core i3 1215U 8GB RAM, 512GB SSD 14 Inch FHD Display Arctic Grey Laptop",https://www.ryanscomputers.com/lenovo-ideapad-slim-3i-14iau7-intel-core-i3-1215u-8gb-ram-512gb-ssd-14-inch-fhd-display-arctic-grey-laptop, Core i3, 12th (Intel),"Tk 57,500 "
"Lenovo IdeaPad Slim 3i 15IAU7 Intel Core i3 1215U 8GB RAM, 512GB SSD 15.6 Inch FHD Display Abyss Blue Laptop",https://www.ryanscomputers.com/lenovo-ideapad-slim-3i-15iau7-intel-core-i3-1215u-8gb-ram-512gb-ssd-15.6-inch-fhd-display-abyss-blue-laptop, Core i3, 12th (Intel),"Tk 57,500 "
Dell Inspiron 15 3520 Intel Core i3 1215U 8GB RAM 512GB SSD 15.6 Inch FHD Display Carbon Black Laptop,https://www.ryanscomputers.com/dell-inspiron-15-3520-intel-core-i3-1215u-15.6-inch-fhd-display-carbon-black-laptop, Core i3, 12th (Intel),"Tk 58,000 "
Lenovo IdeaPad Slim 3i 14ITL6 Intel Core i3 1115G4 8GB RAM 512GB SSD 14 Inch FHD Antiglare Display Arctic Grey Laptop,https://www.ryanscomputers.com/lenovo-ideapad-slim-3i-14itl6-11th-gen-intel-core-i3-1115g4-14-inch-fhd-antiglare-display-arctic-grey-laptop-82h701kcin-2y, Core i3, 11th (Intel),"Tk 58,990 "
Chuwi CoreBook XPro Intel Core i3 1215U 16GB RAM 512GB SSD 15.6 Inch FHD Display Grey Laptop,https://www.ryanscomputers.com/chuwi-corebook-xpro-intel-core-i3-1215u-15.6-inch-fhd-display-grey-laptop, Core i5, 12th (Intel),"Tk 58,990 "
Asus VivoBook 15 K513EA Intel Core i3 1115G4 4GB RAM 512GB SSD 15.6 Inch FHD OLED Display Hearty Gold Laptop,https://www.ryanscomputers.com/asus-vivobook-15-k513ea-intel-core-i3-1115g4-15.6-inch-fhd-oled-display-hearty-gold-laptop, Ryzen 3, 11th (Intel),"Tk 59,500 "
Infinix INBOOK X2 Intel Core i5 1155G7 8GB RAM 512GB SSD14 Inch FHD Display Grey Laptop,https://www.ryanscomputers.com/infinix-inbook-x2-intel-core-i5-1155g7-8gb-ram-512gb-ssd14-inch-fhd-display-grey-laptop, Core i5, 11th (Intel),"Tk 59,500 "
"Asus VivoBook Go 15 E1504FA AMD Ryzen 3 7320U 8GB RAM, 512GB SSD 15.6 Inch FHD LED Display Mixed Black Laptop",https://www.ryanscomputers.com/asus-vivobook-go-15-e1504fa-amd-ryzen-3-7320u-15.6-inch-fhd-led-display-mixed-black-laptop, Core i5, Not Applicable,"Tk 59,500 "
"Avita LIBER V14 Intel Core i5 1135G7 8GB RAM, 512GB SSD 14 Inch FHD Display Soft Lavender Laptop",https://www.ryanscomputers.com/avita-liber-v14-intel-core-i5-1135g7-8gb-ram-512gb-ssd-14-inch-fhd-display-soft-lavender-laptop, Core i5, 11th (Intel),"Tk 60,500 "
"Avita LIBER V14 Intel Core i5 1135G7 8GB RAM, 512GB SSD 14 Inch FHD Display Infinite Black Laptop",https://www.ryanscomputers.com/avita-liber-v14-intel-core-i5-1135g7-8gb-ram-512gb-ssd-14-inch-fhd-display-infinite-black-laptop, Core i5, 11th (Intel),"Tk 61,000 "
"Avita LIBER V14 Intel Core i5 1135G7 8GB RAM, 512GB SSD 14 Inch FHD Display Star Silver Laptop",https://www.ryanscomputers.com/avita-liber-v14-intel-core-i5-1135g7-8gb-ram-512gb-ssd-14-inch-fhd-display-star-silver-laptop, Core i5, 11th (Intel),"Tk 61,000 "
"Avita LIBER V14 Intel Core i5 1135G7 8GB RAM, 512GB SSD 14 Inch FHD Display Aqua Blue Laptop",https://www.ryanscomputers.com/avita-liber-v14-intel-core-i5-1135g7-8gb-ram-512gb-ssd-14-inch-fhd-display-aqua-blue-laptop, Core i5, 11th (Intel),"Tk 61,900 "
"Avita LIBER V14 Intel Core i5 1135G7 8GBRAM, 512GB SSD 14 Inch FHD Display Anchor Grey Laptop",https://www.ryanscomputers.com/avita-liber-v14-intel-core-i5-1135g7--8gbram-512gb-ssd-14-inch-fhd-display-anchor-grey-laptop, Core i5, 11th (Intel),"Tk 61,990 "
"Avita LIBER V14 Intel Core i5 1135G7 8GB RAM, 512GB SSD 14 Inch FHD Display Golden Matt Black Laptop",https://www.ryanscomputers.com/avita-liber-v14-intel-core-i5-1135g7-8gb-ram-512gb-ssd-14-inch-fhd-display-golden-matt-black-laptop, Core i5, 11th (Intel),"Tk 62,000 "
"Avita LIBER V14 Intel Core i5 1135G7 8GB RAM, 512GB SSD 14 Inch FHD Display Flowers on Yellow Laptop",https://www.ryanscomputers.com/avita-liber-v14-intel-core-i5-1135g7-8gb-ram-512gb-ssd-14-inch-fhd-display-flowers-on-yellow-laptop, Core i5, 11th (Intel),"Tk 62,000 "
"Avita LIBER V14 Intel Core i5 1135G7 8GB RAM, 512GB SSD 14 Inch FHD Display Paisley on Lilac Laptop",https://www.ryanscomputers.com/avita-liber-v14-intel-core-i5-1135g7-8gb-ram-512gb-ssd-14-inch-fhd-display-paisley-on-lilac-laptop, Core i5, 11th (Intel),"Tk 62,000 "
"Avita LIBER V14 Intel Core i5 1135G7 8GB RAM, 512GB SSD 14 Inch FHD Display Snowflakes on Azure Blue Laptop",https://www.ryanscomputers.com/avita-liber-v14-intel-core-i5-1135g7-8gb-ram-512gb-ssd-14-inch-fhd-display-snowflakes-on-azure-blue-laptop, Core i5, 11th (Intel),"Tk 62,000 "
"Avita LIBER V14 Intel Core i5 1135G7 8GB RAM, 512GB SSD 14 Inch FHD Display Snowflakes on Mountain Blue Laptop",https://www.ryanscomputers.com/avita-liber-v14-intel-core-i5-1135g7-8gb-ram-512gb-ssd-14-inch-fhd-display-snowflakes-on-mountain-blue-laptop, Core i3, 11th (Intel),"Tk 62,000 "
"Avita LIBER V14 Intel Core i5 1135G7 8GB RAM, 512GB SSD 14 Inch FHD Display Iris on Ruby Laptop",https://www.ryanscomputers.com/avita-liber-v14-intel-core-i5-1135g7-8gb-ram-512gb-ssd-14-inch-fhd-display-iris-on-ruby-laptop, Core i3, 11th (Intel),"Tk 62,000 "
"Acer TravelMate P214-54 Intel Core i3 1215U 8GB DDR4, 1TB HDD 14 Inch FHD IPS Display Black Laptop",https://www.ryanscomputers.com/acer-travelmate-p214-54-ntel-core-i3-1215u-14-inch-fhd-ips-display-black-laptop,, 12th (Intel),"Tk 62,000 "
Asus VivoBook 15 X1500EA Intel Core i3 1115G4 8GB RAM 512GB SSD 15.6 Inch FHD WV Display Indie Black Laptop,https://www.ryanscomputers.com/asus-vivobook-15-x1500ea-11th-gen-intel-core-i3-8gb-ddr4-15.6-inch-display-indie-black-laptop,, 11th (Intel),"Tk 62,000 "
HP ProBook 450 G8 Intel Core i3 1115G4 8GB RAM 256GB SSD 15.6 Inch HD Display Pike Silver Laptop#1A890AV,https://www.ryanscomputers.com/hp-probook-450-g8-11th-gen-intel-core-i3-1115g4-15.6-inch-hd-display-pike-silver-laptop, Core i3, 11th (Intel),"Tk 63,000 "
MSI Modern 14 C12MO Intel Core i3 1215U 16GB RAM 512GB SSD14 Inch FHD Display Classic Black Laptop,https://www.ryanscomputers.com/msi-modern-14-c12mo-intel-core-i3-1215u-14-inch-fhd-ips-60hz-display-classic-black-laptop, Core i3, 12th (Intel),"Tk 63,000 "
MSI Modern 14 C12MO Intel Core i3 1215U 16GB RAM 512GB SSD 14 Inch FHD Display Urban Silver Laptop,https://www.ryanscomputers.com/msi-modern-14-c12mo-12th-gen-intel-core-i3-1215u-14-inch-fhd-display-urban-silver-laptop, Core i3, 12th (Intel),"Tk 63,000 "
"Asus VivoBook 15 X1502ZA Intel Core i3 1215U 8GB RAM, 512GB SSD 15.6 Inch FHD Display Quiet Blue Laptop",https://www.ryanscomputers.com/asus-vivobook-15-x1502za-intel-core-i3-1215u-8gb-ram-512gb-ssd-15.6-inch-fhd-display-quiet-blue-laptop, Core i3, 12th (Intel),"Tk 63,500 "
"Asus VivoBook 15 K513EA Intel Core i3 1115G4 8GB RAM, 512GB SSD 15.6 Inch FHD OLED Display Hearty Gold Laptop",https://www.ryanscomputers.com/asus-vivobook-15-k513ea-intel-core-i3-1115g4-8gb-ram-512gb-ssd-15.6-inch-fhd-oled-display-hearty-gold-laptop, Core i3, 11th (Intel),"Tk 63,800 "
"Asus VivoBook S15 S513EA Intel Core i3 1115G4 8GB RAM, 512GB SSD 15.6 Inch FHD OLED Display Indie Black Laptop",https://www.ryanscomputers.com/asus-vivobook-s15-s513ea-intel-core-i3-1115g4-8gb-ram-512gb-ssd-15.6-inch-fhd-oled-display-indie-black-laptop, Core i3, 11th (Intel),"Tk 63,800 "
Lenovo IdeaPad Slim 3i 15IAU7 Intel Core i3 1215U 8GB RAM 512GB SSD 15.6 Inch FHD Display Abyss Blue Laptop,https://www.ryanscomputers.com/lenovo-ideapad-slim-3i-15iau7-intel-core-i3-1215u-15.6-inch-fhd-display-abyss-blue-laptop, Core i3, 12th (Intel),"Tk 64,000 "
Acer TravelMate P214-53 Intel Core i5 1135G7 8GB RAM 1TB HDD 14 Inch FHD Display Black Laptop,https://www.ryanscomputers.com/acer-travelmate-p214-53-11th-gen-intel-core-i5-1135g7-14-inch-fhd-display-black-laptop, Core i5, 11th (Intel),"Tk 65,500 "
"Asus VivoBook 15 X1502ZA Intel Core i3 1215U 8GB RAM, 256GB SSD 15.6 Inch FHD Display Terra Cotta Laptop",https://www.ryanscomputers.com/asus-vivobook-15-x1502za-intel-core-i3-1215u-8gb-ram-15.6-inch-fhd-display-terra-cotta-laptop, Core i3, 12th (Intel),"Tk 66,500 "
"Lenovo IdeaPad Slim 3i 15IRU8 Intel Core i3 1305U 8GB RAM, 512GB SSD 15.6 Inch FHD Display Arctic Grey Laptop",https://www.ryanscomputers.com/lenovo-ideapad-slim-3i-15iru8-intel-core-i3-1305u-8gb-ram-512gb-ssd-15.6-inch-fhd-display-arctic-grey-laptop, Core i3, 13th (Intel),"Tk 68,000 "
Asus X515EA Intel Core i5 1135G7 4GB RAM 1TB HDD 15.6 Inch FHD Display Slate Grey Laptop,https://www.ryanscomputers.com/asus-x515ea-slate-grey-laptop, Core i5, 11th (Intel),"Tk 68,500 "
HP 240 G8 Intel Core i5 1135G7 8GB RAM 1TB HDD 14 Inch FHD Display Ash Laptop,https://www.ryanscomputers.com/hp-240-g8-intel-1135g7-14-inch-fhd-display-ash-laptop, Core i5, 11th (Intel),"Tk 68,500 "
Asus X515EA Intel Core i5 1135G7 4GB RAM 1TB HDD 15.6 Inch FHD WV Display Peacock Blue Laptop,https://www.ryanscomputers.com/asus-x515ea-intel-core-i5-1135g7-15.6-inch-peacock-blue-laptop, Core i5, 11th (Intel),"Tk 68,500 "
Asus VivoBook S15 S513EA Intel Core i3 1115G4 4GB RAM 512GB SSD 15.6 Inch FHD OLED Display Indie Black Laptop,https://www.ryanscomputers.com/asus-vivobook-s15-s513ea-intel-core-i3-1115g4-4gb-ddr4-15.6-inch-fhd-oled-display-indie-black-laptop, Core i3, 11th (Intel),"Tk 69,000 "
Asus VivoBook 15 X1502ZA Intel Core i3 1220P 4GB RAM 512GB SSD 15.6 Inch FHD WV Display Quiet Blue Laptop,https://www.ryanscomputers.com/asus-vivobook-15-x1502za-intel-core-i3-1220p-15.6-inch-fhd-led-display-quiet-blue-laptop, Core i3, 12th (Intel),"Tk 69,800 "
"Asus X515EA Intel Core i5 1135G7 8GB RAM, 1TB HDD + 256GB SSD 15.6 Inch FHD Display Slate Grey Laptop",https://www.ryanscomputers.com/asus-x515ea-intel-core-i5-1135g7-8gb-ram-1tb-hdd-plus-256gb-ssd-15.6-inch-fhd-display-slate-grey-laptop, Core i5, 11th (Intel),"Tk 69,800 "
ASUS Vivobook 15 X1504VA Intel Core i3 1315U 8GB RAM 256GB SSD 15.6 Inch FHD Display Quiet Blue Laptop,https://www.ryanscomputers.com/asus-vivobook-15-x1504va-intel-core-i3-1315u-15.6-inch-fhd-display-quiet-blue-laptop, Core i3, 13th (Intel),"Tk 70,500 "
Lenovo IdeaPad Slim 3i 14IRU8 Intel Core i3 1305U 8GB RAM 512GB SSD 14 Inch FHD IPS Display Arctic Grey Laptop,https://www.ryanscomputers.com/lenovo-ideapad-slim-3i-14iru8-intel-core-i3-1305u-14-inch-fhd-ips-display-arctic-grey-laptop, Core i3, 13th (Intel),"Tk 70,500 "
Lenovo IdeaPad Slim 3 15ABR8 AMD Ryzen 5 7530U 8GB RAM 512GB SSD 15.6 Inch FHD Antiglare IPS Display Arctic Grey Laptop,https://www.ryanscomputers.com/lenovo-ideapad-slim-3-15abr8-amd-ryzen-5-7530u-15.6-inch-fhd-antiglare-ips-display-arctic-grey-laptop, Ryzen 5, Not Applicable,"Tk 71,000 "
Lenovo IdeaPad Slim 3 15ABR8 AMD Ryzen 5 7530U 8GB RAM 512GB SSD 15.6 Inch FHD Antiglare IPS Display Abyss Blue Laptop,https://www.ryanscomputers.com/lenovo-ideapad-slim-3-15abr8-amd-ryzen-5-7530u-15.6-inch-fhd-antiglare-ips-display-abyss-blue-laptop, Ryzen 5, Not Applicable,"Tk 71,000 "
Lenovo V15 Gen 3 Intel Core i5 1235U 8GB RAM 512GB SSD 15.6 Inch FHD Display Iron Grey Laptop,https://www.ryanscomputers.com/lenovo-v15-gen-3-intel-core-i5-1235u-15.6-inch-fhd--display-iron-grey-laptop, Core i5, 12th (Intel),"Tk 71,500 "
"Asus VivoBook 16 X1605ZA Intel Core i3 1215U 8GB RAM, 512GB SSD 16 Inch WUXGA Display Indie Black Laptop",https://www.ryanscomputers.com/asus-vivobook-16-x1605za-intel-core-i3-1215u-8gb-ram-512gb-ssd-16-inch-wuxga-display-indie-black-laptop, Core i3, 12th (Intel),"Tk 72,000 "
"MSI Modern 15 B7M AMD Ryzen 5 7530U 8GB RAM, 512GB SSD, 15.6 Inch FHD IPS Display Classic Black Laptop with MSI Backpack",https://www.ryanscomputers.com/msi-modern-15-b7m-amd-ryzen-5-7530u-8gb-ram-512gb-ssd-15.6-inch-fhd-ips-display-classic-black-laptop-with-msi-backpack, Ryzen 5, Not Applicable,"Tk 72,500 "
HP 15s-eq3619AU AMD Ryzen 5 5625U 8GB RAM 512GB SSD 15.6 Inch FHD Display Spruce Blue Laptop,https://www.ryanscomputers.com/hp-15s-eq3619au-amd-ryzen-5-5625u-15.6-inch-fhd-display-spruce-blue-laptop, Ryzen 5, Not Applicable,"Tk 73,200 "
Asus VivoBook 15 M1502IA AMD Ryzen 5 4600H 8GB RAM 512GB SSD 15.6 Inch FHD Display Quiet Blue Laptop,https://www.ryanscomputers.com/asus-vivobook-15-m1502ia-amd-ryzen-5-4600h-15.6-inch-fhd-display-quiet-blue-laptop, Ryzen 5, Not Applicable,"Tk 74,000 "
Dell Latitude 15-3520 Intel Core i5 1135G7 8GB RAM 500GB SSD 15.6 Inch HD Display Black Laptop,https://www.ryanscomputers.com/dell-latitude-15-3520-11th-gen-intel-core-i5-1135g7-500gb-ssd-15.6-inch-hd-display-black-laptop, Core i5, 11th (Intel),"Tk 74,500 "
"MSI Modern 15 B7M AMD Ryzen 5 7530U 16GB RAM, 512GB SSD, 15.6 Inch FHD IPS Display Classic Black Laptop with MSI Backpack",https://www.ryanscomputers.com/msi-modern-15-b7m-amd-ryzen-5-7530u-16gb-ram-512gb-ssd-15.6-inch-fhd-ips-display-classic-black-laptop-with-msi-backpack, Ryzen 5, Not Applicable,"Tk 75,000 "
Lenovo IdeaPad Slim 3i 14IAU7 Core i5 1235U 8GB RAM 256GB SSD 14 Inch FHD Display Arctic Grey Laptop,https://www.ryanscomputers.com/lenovo-ideapad-slim-3i-14iau7-core-i5-1235u-14-inch-fhd-display-arctic-grey-laptop, Core i5, 12th (Intel),"Tk 75,500 "
Dell Latitude 15-3520 Intel Core i5 1145G7 8GB RAM 256GB SSD 15.6 Inch HD Display Black Laptop,https://www.ryanscomputers.com/dell-latitude-15-3520-11th-gen-intel-core-i5-1145g7-15.6-inch-hd-display-black-laptop, Core i5, 11th (Intel),"Tk 76,800 "
"HP 240 G8 11th Gen Intel Core i5 1135G7 8GB RAM, 512GB SSD 14 Inch FHD Display Ash Silver Laptop",https://www.ryanscomputers.com/hp-240-g8-11th-gen-intel-core-i5-1135g7-8gb-ram-512gb-ssd-14-inch-fhd-display-ash-silver-laptop, Core i5, 11th (Intel),"Tk 77,000 "
Lenovo IdeaPad 3 15ALC6 Ryzen 7 5700U 16GB RAM 512GB SSD 15.6 Inch FHD IPS Display Arctic Grey Laptop,https://www.ryanscomputers.com/lenovo-ideapad-3-15alc6-ryzen-7-5700u-15.6-inch-fhd-ips-display-arctic-grey-laptop, Ryzen 7, Not Applicable,"Tk 78,000 "
Dell Inspiron 15 3520 Intel Core i5 1235U 8GB RAM 512GB SSD 15.6 Inch FHD Display Platinum Silver Laptop#WARMLKN15ADL23051010PLASPP,https://www.ryanscomputers.com/dell-inspiron-15-3520-gen-intel-core-i5-1235u-15.6-inch-fhd-display-platinum-silver-laptop, Core i5, 12th (Intel),"Tk 78,500 "
Dell Inspiron 15 3520 Intel Core i5 1235U 8GB RAM 512GB SSD 15.6 Inch FHD Display Carbon Black Laptop,https://www.ryanscomputers.com/dell-inspiron-15-3520-intel-core-i5-1235u-15.6-inch-fhd-display-carbon-black-laptop, Core i5, 12th (Intel),"Tk 78,500 "
"Acer TravelMate P214-54 Intel Core i5 1235U 8GB RAM, 512GB SSD 14 Inch FHD IPS Display Black Laptop",https://www.ryanscomputers.com/acer-travelmate-p214-54-intel-core-i5-1235u-14-inch-fhd-ips-display-black-laptop, Core i5, 12th (Intel),"Tk 78,500 "
"Asus VivoBook 15 X1502ZA Intel Core i5 1235U 8GB RAM, 512GB SSD 15.6 Inch FHD Display Quiet Blue Laptop",https://www.ryanscomputers.com/asus-vivobook-15-x1502za-intel-core-i5-1235u-8gb-ram--512gb-ssd-15.6-inch-fhd-display-quiet-blue-laptop, Core i5, 12th (Intel),"Tk 79,500 "
"Asus VivoBook 14 M1405YA AMD Ryzen 5 7530U 8GBRAM, 512GB SSD 14 Inch WUXGA Display Indie Black Laptop",https://www.ryanscomputers.com/asus-vivobook-14-m1405ya-amd-ryzen-5-7530u-8gbram-512gb-ssd-14-inch-wuxga-display-indie-black-laptop, Ryzen 5, Not Applicable,"Tk 80,000 "
"Lenovo IdeaPad Slim 3i 15ITL6 Intel Core i7 1165G 8GB RAM, 512GB SSD 15.6 Inch FHD Display Arctic Grey Laptop",https://www.ryanscomputers.com/lenovo-ideapad-slim-3i-15itl6-intel-core-i7-1165g-8gb-ram-512gb-ssd-15.6-inch-fhd-display-arctic-grey-laptop, Core i7, 11th (Intel),"Tk 80,500 "
Asus VivoBook Go 15 E1504FA AMD Ryzen 5 7520U 16GB RAM 512GB SSD 15.6 Inch FHD Display Mixed Black Laptop,https://www.ryanscomputers.com/asus-vivobook-go-15-e1504fa-amd-ryzen-5-7520u-15.6-inch-fhd-led-display-mixed-black-laptop, Ryzen 5, Not Applicable,"Tk 81,500 "
Asus VivoBook 15 X1502ZA Intel Core i5 1235U 8GB RAM 512GB SSD 15.6 Inch FHD Display Terra Cotta Laptop,https://www.ryanscomputers.com/asus-vivobook-15-x1502za-intel-core-i5-1235u-15.6-inch-fhd-display-terra-cotta-laptop, Core i5, 12th (Intel),"Tk 81,500 "
Acer Aspire 7 A715-42G-R2NE AMD Ryzen 5 5500U 8GB RAM 512GB SSD 15.6 Inch FHD Display Charcoal Black Gaming Laptop,https://www.ryanscomputers.com/acer-aspire-7-a715-42g-r2ne-charcoal-black-laptop, Ryzen 5, Not Applicable,"Tk 82,500 "
"HP 15-fd0204TU Intel Core i5 1335U 8GB RAM, 512GB SSD 15.6 Inch FHD Display Silver Laptop",https://www.ryanscomputers.com/hp-15-fd0204tu-intel-core-i5-1335u-8gb-ram-512gb-ssd-15.6-inch-fhd-display-silver-laptop, Core i5, 13th (Intel),"Tk 82,500 "
HP 15-fd0205TU Intel Core i5 1335U 8GB RAM 512GB SSD 15.6 Inch FHD Display Moonlight Blue Laptop,https://www.ryanscomputers.com/hp-15-fd0205tu-intel-core-i5-1335u-8gb-ram-512gb-ssd-15.6-inch-fhd-display-moonlight-blue-laptop, Core i5, 13th (Intel),"Tk 82,500 "
"HP 15-fd0202TU Intel Core i5 1335U 8GB RAM, 512GB SSD 15.6 Inch FHD Display Diamond White Laptop",https://www.ryanscomputers.com/hp-15-fd0202tu-intel-core-i5-1335u-8gb-ram-512gb-ssd-15.6-inch-fhd-display-diamond-white-laptop, Core i5, 13th (Intel),"Tk 82,500 "
"MSI Modern 14 C12MO Intel Core i5 1235U 16GB RAM, 512GB SSD 14 Inch FHD IPS Display Classic Black Laptop With Bag",https://www.ryanscomputers.com/msi-modern-14-c12mo-intel-core-i5-1235u-16gb-ram-512gb-ssd-14-inch-fhd-ips-display-classic-black-laptop, Core i5, 12th (Intel),"Tk 82,900 "
"MSI Modern 14 C12MO Intel Core i5 1235U 16GB RAM, 512GB SSD 14 Inch FHD IPS Display Urban Silver Laptop With Bag",https://www.ryanscomputers.com/msi-modern-14-c12mo-intel-core-i5-1235u-16gb-ram-512gb-ssd-14-inch-fhd-ips-display-urban-silver-laptop, Core i5, 12th (Intel),"Tk 82,900 "
Lenovo IdeaPad Slim 3 15ABR8 AMD Ryzen 7 7730U 8GB RAM 512GB SSD 15.6 Inch FHD Antiglare IPS Display Abyss Blue Laptop,https://www.ryanscomputers.com/lenovo-ideapad-slim-3-15abr8-amd-ryzen-7-7730u-15.6-inch-fhd-antiglare-ips-display-abyss-blue-laptop, Ryzen 7, Not Applicable,"Tk 83,000 "
Lenovo IdeaPad Slim 3i 15IAU7 Intel Core i5 1235U 8GB RAM 512GB SSD 15.6 Inch FHD Display Arctic Grey Laptop,https://www.ryanscomputers.com/lenovo-ideapad-slim-3i-15iau7-intel-core-i5-1235u-15.6-inch-fhd-display-arctic-grey-laptop, Core i5, 12th (Intel), 
Asus ExpertBook B1 B1400CEAE Intel Core i5 1135G7 4GB RAM 1TB HDD 14 Inch FHD Display Star Black Laptop,https://www.ryanscomputers.com/asus-expertbook-b1-b1400ceae-intel-core-i5-1135g7-14-inch-fhd-display-star-black-laptop, Core i5, 11th (Intel),"Tk 83,000 "
"MSI Modern 15 B12MO Intel Core i5 1235U 16GB DRAM, 512GB SSD 15.6 Inch FHD IPS Display Classic Black Laptop",https://www.ryanscomputers.com/msi-modern-15-b12mo-intel-core-i5-1235u-16gb-dram-512gb-ssd-15.6-inch-fhd-ips-display-classic-black-laptop, Core i5, 12th (Intel),"Tk 83,500 "
Dell Vostro 15 3510 Intel Core i5 1135G7 8GB RAM 512GB SSD 15.6 Inch FHD Display Black Laptop,https://www.ryanscomputers.com/dell-vostro-15-3510-11th-gen-intel-core-i5-1135g7-15.6-inch-fhd-display-black-laptop, Core i5, 11th (Intel),"Tk 83,900 "
Acer Extensa 14 EX214-53-543W Intel Core i5 1240P 8GB RAM 512GB SSD 14 Inch FHD Display Pure Silver Laptop,https://www.ryanscomputers.com/acer-extensa-14-ex214-53-543w-12th-gen-intel-core-i5-1240p-14-inch-fhd-display-pure-silver-laptop, Core i5, 12th (Intel), 
"HP 15-fd0208TU Intel Core i5 1335U 8GB RAM, 512GB SSD 15.6 Inch FHD Display Silver Laptop",https://www.ryanscomputers.com/hp-15-fd0208tu-intel-core-i5-1335u-8gb-ram--512gb-ssd-15.6-inch-fhd-display-silver-laptop, Core i5, 13th (Intel),"Tk 84,000 "
"HP 15-fd0210TU 13th Gen Intel Core i5 1335U 8GB RAM, 512GB SSD 15.6 Inch FHD Display Diamond White Laptop",https://www.ryanscomputers.com/hp-15-fd0210tu-13th-gen-intel-core-i5-1335u-8gb-ram--512gb-ssd-15.6-inch-fhd-display-diamond-white-laptop, Core i5, 13th (Intel),"Tk 84,000 "
Lenovo ThinkBook 15 G2 ITL Intel Core i5 1135G7 8GB RAM 512GB SSD 15.6 Inch FHD Display Mineral Grey Laptop,https://www.ryanscomputers.com/lenovo-thinkbook-15-g2-itl-intel-core-i5-1135g7-15.6-inch-fhd-display-mineral-grey-laptop, Core i5, 11th (Intel),"Tk 84,000 "
"MSI Modern 15 B7M AMD Ryzen 7 7730U 8GB RAM, 512GB SSD, 15.6 Inch FHD IPS Display Classic Black Laptop with MSI Backpack",https://www.ryanscomputers.com/msi-modern-15-b7m-amd-ryzen-7-7730u-8gb-ram-512gb-ssd-15.6-inch-fhd-ips-display-classic-black-laptop-with-msi-backpack, Ryzen 7, Not Applicable,"Tk 84,000 "
"Lenovo IdeaPad Slim 3i 15IRH8 Intel Core i5 13420H 8GB RAM, 512GB SSD 15.6 Inch FHD Display Arctic Grey Laptop",https://www.ryanscomputers.com/lenovo-ideapad-slim-3i-15irh8-intel-core-i5-13420h-8gb-ram-512gb-ssd-15.6-inch-fhd-display-arctic-grey-laptop, Core i5, 13th (Intel),"Tk 85,000 "
"Lenovo IdeaPad Slim 3i 15IRH8 Intel Core i5 13420H 8GB RAM, 512GB SSD 15.6 Inch FHD Display Abyss Blue Laptop",https://www.ryanscomputers.com/lenovo-ideapad-slim-3i-15irh8-intel-core-i5-13420h-8gb-ram-512gb-ssd-15.6-inch-fhd-display-abyss-blue-laptop, Core i5, 13th (Intel),"Tk 85,500 "
"Lenovo IdeaPad Slim 3i 14IRH8 Intel Core i5 13420H 8GB RAM, 512GB SSD 14 Inch FHD Display Arctic Grey Laptop",https://www.ryanscomputers.com/lenovo-ideapad-slim-3i-14irh8-intel-core-i5-13420h-8gb-ram-512gb-ssd-14-inch-fhd-display-arctic-grey-laptop, Core i5, 13th (Intel),"Tk 87,000 "
"MSI Modern 15 B7M AMD Ryzen 7 16GB RAM, 512GB SSD, 15.6 Inch FHD IPS Display Classic Black Laptop with MSI Backpack",https://www.ryanscomputers.com/msi-modern-15-b7m-amd-ryzen-7-16gb-ram-512gb-ssd-15.6-inch-fhd-ips-display-classic-black-laptop-with-msi-backpack, Ryzen 7, Not Applicable,"Tk 87,000 "
Lenovo IdeaPad Slim 3i 14ITL6 Intel Core i7 1165G7 8GB RAM 512GB SSD 14 Inch FHD Antiglare LED Display Abyss Blue Laptop,https://www.ryanscomputers.com/lenovo-ideapad-slim-3i-14itl6-intel-core-i7-1165g7-14-inch-fhd-antiglare-led-display-abyss-blue-laptop, Core i7, 11th (Intel),"Tk 87,000 "
Asus VivoBook S15 S513EA Intel Core i5 1135G7 8GB RAM 512GB SSD 15.6 Inch FHD OLED Display Indie Black Laptop,https://www.ryanscomputers.com/asus-vivobook-s15-s513ea-intel-core-i5-1135g7-indie-black-laptop, Core i5, 11th (Intel),"Tk 87,000 "
Microsoft Surface Go 3 (Wi-Fi) Intel Pentium Gold 6500Y 8GB RAM 128GB SSD 10.5 Inch PixelSense MultiTouch Display Platinum Surface Go (Type Cover is sold separately),https://www.ryanscomputers.com/microsoft-surface-go-3-wi-fi-intel-pentium-gold-6500y-platinum--surface-go-laptop, Intel Pentium, Not Applicable,"Tk 88,000 "
Asus VivoBook 15 M1505YA AMD Ryzen 5 7530U 8GB RAM 512GB SSD 15.6 Inch FHD OLED Display Indie Black Laptop,https://www.ryanscomputers.com/asus-vivobook-15-m1505ya-amd-ryzen-5-7530u-15.6-inch-fhd-oled-display-indie-black-laptop, Ryzen 5, Not Applicable,"Tk 89,000 "
ASUS Vivobook 15 X1504VA Intel Core i5 1335U 8GB RAM 512GB SSD 15.6 Inch FHD Display Quiet Blue Laptop,https://www.ryanscomputers.com/asus-vivobook-15-x1504va-intel-core-i5-1335u-15.6-inch-fhd-display-quiet-blue-laptop, Core i5, 13th (Intel),"Tk 89,000 "
Asus VivoBook Flip 14 TM420UA AMD Ryzen 5 5500U 4GB RAM 512GB SSD 14 Inch FHD Touch Display Bespoke Black Laptop (Stylus Pen Included),https://www.ryanscomputers.com/asus-vivobook-flip-14-tm420ua-ryzen-5-5500u-14-inch-fhd-touch-display-bespoke-black-laptop, Ryzen 5, Not Applicable,"Tk 89,000 "
MSI Modern 15 B12M Intel Core i7 1255U 16GB RAM 512GB SSD 15.6 Inch FHD Display Classic Black Laptop,https://www.ryanscomputers.com/msi-modern-15-b12m-12th-gen-intel-core-i7-1255u-15.6-inch-fhd-ips-display-classic-black-laptop, Core i7, 12th (Intel),"Tk 89,500 "
"Acer Aspire 7 A715-76G Intel Core i5 12450H 8GB RAM 512GB SSD 15.6 Inch FHD Display, Charcoal Black Gaming Laptop",https://www.ryanscomputers.com/acer-aspire-7-a715-76g-intel-core-i5-12450h-15.6-inch-fhd-display-charcoal-black-gaming-laptop, Core i5, 12th (Intel),"Tk 89,900 "
MSI Modern 14 C13M Intel Core i5 1335U 16GB RAM 512GB SSD14 Inch FHD Display Classic Black Laptop #C13M-650BD-CB51335U16GXXDX11EMH / C13M-1009BD-CB51335U16GXXDX11EMH,https://www.ryanscomputers.com/msi-modern-14-c13m-13th-gen-intel-core-i5-1335u-14-inch-fhd-ips-display-classic-black-laptop, Core i5, 13th (Intel),"Tk 89,900 "
HP ProBook 440 G9 Intel Core i5 1235U 8GB RAM 512GB SSD 14 Inch FHD Display Silver Laptop,https://www.ryanscomputers.com/hp-probook-440-g9-12th-gen-intel-core-i5-1235u-14-inch-fhd-display-silver-laptop, Core i5, 12th (Intel),"Tk 89,900 "
HP Pavilion 15-eg2116TU Intel Core i5 1240P 8GB RAM 512GB SSD 15.6 Inch FHD Display Fog Blue Laptop,https://www.ryanscomputers.com/hp-pavilion-15-eg2116tu-intel-core-i5-1240p-15.6-inch-fhd-ips-display-fog-blue-laptop, Core i5, 12th (Intel),"Tk 90,900 "
"Asus VivoBook S15 S513EA Intel Core i5 1135G7 16GB RAM, 512GB SSD 15.6 Inch FHD OLED Display Hearty Gold Laptop",https://www.ryanscomputers.com/asus-vivobook-s15-s513ea-intel-core-i5-1135g7-16gb-ram-512gb-ssd-15.6-inch-fhd-oled-display-hearty-gold-laptop, Core i5, 11th (Intel),"Tk 91,000 "
MSI Modern 15 B13M Intel Core i5 1335U 16GB RAM 512GB SSD 15.6 Inch FHD Display Classic Black Laptop #B13M-478BD-CB51335U16GXXDX11EMH / B13M-811BD-CB51335U16GXXDX11EMH,https://www.ryanscomputers.com/msi-modern-15-b13m-13th-gen-intel-core-i5-1335u-15.6-inch-fhd-ips-60hz-display-classic-black-laptop, Core i5, 13th (Intel),"Tk 91,000 "
MSI Modern 14 C12MO Intel Core i7 1255U 16GB RAM 512GB SSD 14 Inch FHD Display Classic Black Laptop,https://www.ryanscomputers.com/msi-modern-14-c12mo-intel-core-i7-1255u-14-inch-fhd-ips-display-classic-black-laptop, Core i7, 12th (Intel),"Tk 91,000 "
"Asus VivoBook 15X K3504ZA Intel Core i5 1235U 16GB RAM, 512GB SSD 15.6 Inch FHD WV Display Cool Silver Laptop #K3504ZA-BQ074W",https://www.ryanscomputers.com/asus-vivobook-15x-k3504za-intel-core-i5-1235u-16gb-ram--512gb-ssd-15.6-inch-fhd-wv-display-cool-silver-laptop, Core i5, 12th (Intel),"Tk 91,500 "
MSI Modern 15 B13M Intel Core i5 1335U 16GB RAM 512GB SSD 15.6 Inch FHD IPS Display Star Blue Laptop (Laptop Bag is given Separately),https://www.ryanscomputers.com/msi-modern-15-b13m-intel-core-i5-1335u-16gb-ram-512gb-ssd-15.6-inch-fhd-ips-display-star-blue-laptop, Core i5, 13th (Intel),"Tk 91,500 "
Asus ZenBook 14 UM425UA AMD Ryzen 5 5500U 8GB RAM 512GB SSD 14 Inch FHD WV Display Pine Grey Laptop,https://www.ryanscomputers.com/asus-zenbook-14-um425ua-amd-ryzen-5-5500u-14-inch-fhd-wv-display-pine-grey-laptop, Ryzen 5, Not Applicable,"Tk 91,500 "
"HP ProBook 450 G10 Intel Core i5 1335U 8GB RAM, 512GB SSD 15.6 Inch FHD Display Silver Laptop",https://www.ryanscomputers.com/hp-probook-450-g10-intel-core-i5-1335u-8gb-ram-512gb-ssd-15.6-inch-fhd-display-silver-laptop, Core i5, 13th (Intel),"Tk 91,900 "
HP 250 G8 Intel Core i7 1165G7 8GB RAM 1TB HDD + 256GB SSD 15.6 Inch FHD Display Dark Ash Silver Laptop,https://www.ryanscomputers.com/hp-250-g8-intel-core-i7-1165g7-8gb-ram-1tb-hdd-256gb-ssd-15.6-inch-fhd-display-dark-ash-silver-laptop, Core i7, 11th (Intel),"Tk 93,500 "
MSI GF63 Thin 12UCX Intel Core i5 12450H 8GB RAM 512GB SSD 15.6 Inch FHD IPS Display Black Gaming Laptop,https://www.ryanscomputers.com/msi-gf63-thin-12ucx-12th-gen-intel-core-i5-12450h-15.6-inch-fhd-ips-display-black-gaming-laptop, Core i5, 12th (Intel),"Tk 93,500 "
Acer Aspire 5 A515-58GM Intel Core i5 1335U 8GB RAM 512GB SSD 15.6 Inch FHD IPS Display Steel Gray Gaming Laptop,https://www.ryanscomputers.com/acer-aspire-5-a515-58gm-intel-core-i5-1335u-8gb-ram-512gb-ssd-15.6-inch-fhd-ips-display-steel-gray-gaming-laptop, Core i5, 13th (Intel),"Tk 94,000 "
Asus VivoBook 15 K513EQ Intel Core i5 1135G7 8GB RAM 512GB SSD 15.6 Inch FHD OLED Display Hearty Gold Laptop,https://www.ryanscomputers.com/asus-vivobook-15-k513eq-intel-core-i5-1135g7-15.6-inch-hearty-gold-laptop, Core i5, 11th (Intel),"Tk 94,500 "
Asus VivoBook S15 S513EQ Intel Core i5 1135G7 8GB RAM 512GB SSD 15.6 Inch FHD OLED Display Hearty Gold Laptop,https://www.ryanscomputers.com/asus-vivobook-s15-s513eq-hearty-gold-laptop, Core i5, 11th (Intel),"Tk 94,500 "
Asus VivoBook S15 S513EQ Intel Core i5 1135G7 8GB RAM 512GB SSD 15.6 Inch FHD OLED Display Indie Black Laptop,https://www.ryanscomputers.com/asus-vivobook-s15-s513eq-intel-1135g7-15.6-inch-fhd-oled-indie-black-laptop, Core i5, 11th (Intel),"Tk 95,000 "
Asus VivoBook S15 S513EQ Intel Core i5 1135G7 8GB RAM 512GB SSD 15.6 Inch FHD OLED Display Gold Laptop,https://www.ryanscomputers.com/asus-vivobook-s15-s513eq-11th-gen-intel-core-i5-1135g7-gold-laptop, Core i5, 11th (Intel),"Tk 95,000 "
Asus VivoBook 15 K513EQ Intel Core i5 1135G7 8GB RAM 512GB SSD 15.6 Inch FHD OLED Display Hearty Gold Laptop #L1667W-K513EQ,https://www.ryanscomputers.com/asus-vivobook-15-k513eq-intel-core-i5-1135g7-15.6-inch-fhd-oled-display-hearty-gold-laptop, Core i5, 11th (Intel),"Tk 95,000 "
"Lenovo IdeaPad Slim 5i 14IAH8 Intel Core i5 12450H 16G RAM, 512GB SSD 14 Inch FHD+ WUXGA IPS Display Cloud Grey Laptop",https://www.ryanscomputers.com/lenovo-ideapad-slim-5i-14iah8-intel-core-i5-12450h-16g-ram-512gb-ssd-14-inch-fhd-plus-wuxga-ips-display-cloud-grey-laptop, Core i5, 12th (Intel),"Tk 95,000 "
Acer Aspire 7 A715-76G-57W7 Intel Core i5 12450H 8GB RAM 512GB SSD 15.6 Inch FHD Display Charcoal Black Gaming Laptop,https://www.ryanscomputers.com/acer-aspire-7-a715-76g-57w7-intel-core-i5-12450h-15.6-inch-fhd-display-charcoal-black-gaming-laptop, Core i5, 12th (Intel),"Tk 95,000 "
Lenovo IdeaPad FLEX 5 14ALC7 AMD Ryzen 5 5500U 16GB RAM 512GB SSD 14 Inch FHD+ WUXGA Touch Display Digital Pen Storm Grey Laptop,https://www.ryanscomputers.com/lenovo-ideapad-flex-5-14alc7-amd-ryzen-5-5500u-14-inch-fhd-plus-wuxga-touch-display-storm-grey-laptop, Ryzen 5, Not Applicable,"Tk 95,000 "
Acer Aspire 5 A515-58GM Intel Core i7 1355U 8GB RAM 512GB SSD 15.6 Inch FHD Display Steel Gray Gaming Laptop,https://www.ryanscomputers.com/acer-aspire-5-a515-58gm-intel-core-i7-1355u-15.6-inch-fhd-display-steel-gray-gaming-laptop, Core i7, 13th (Intel),"Tk 95,900 "
Asus VivoBook 15 K513EQ Intel Core i5 1135G7 16GB RAM 512GB SSD 15.6 Inch FHD OLED Display Hearty Gold Laptop #K513EQ-L1667WN,https://www.ryanscomputers.com/asus-vivobook-15-k513eq-intel-core-i5-1135g7-16gb-ram-512gb-ssd-15.6-inch-fhd-oled-display-hearty-gold-laptop, Core i5, 11th (Intel),"Tk 96,000 "
Asus VivoBook 15 K513EQ Intel Core i5 1135G7 16GB RAM 512GB SSD 15.6 Inch FHD OLED Display Indie Black Laptop,https://www.ryanscomputers.com/asus-vivobook-15-k513eq-intel-core-i5-1135g7-16gb-ram-512gb-ssd-15.6-inch-fhd-oled-display-indie-black-laptop, Core i5, 11th (Intel),"Tk 96,500 "
Asus VivoBook S15 S513EQ Intel Core i5 1135G7 16GB DDR4 512GB SSD 15.6 Inch FHD OLED Display Indie Black Laptop,https://www.ryanscomputers.com/asus-vivobook-s15-s513eq-intel-core-i5-1135g7-15.6-inch-fhd-oled-display-indie-black-laptop, Core i5, Not Applicable,"Tk 97,000 "
"Asus VivoBook S15 S513EQ Intel Core i5 1135G7 16GB DDR4, 512GB SSD 15.6 Inch FHD OLED Display Hearty Gold Laptop",https://www.ryanscomputers.com/asus-vivobook-s15-s513eq-intel-core-i5-1135g7-16gb-ddr4-512gb-ssd-15.6-inch-fhd-oled-display-hearty-gold-laptop, Core i5, 11th (Intel),"Tk 97,000 "
"MSI GF63 Thin 11SC Intel Core i7 11800H 16GB RAM, 512GB SSD 15.6 Inch FHD Display Black Gaming Laptop with MSI Essential Backpack",https://www.ryanscomputers.com/msi-gf63-thin-11sc-intel-core-i7-11800h-16gb-ram-512gb-ssd-15.6-inch-fhd-display-black-gaming-laptop, Core i7, 11th (Intel),"Tk 97,000 "
"Acer TravelMate P214-54 Intel Core i7 1255U 8GB RAM, 512GB SSD 14 Inch FHD IPS Display Black Laptop",https://www.ryanscomputers.com/acer-travelmate-p214-54-intel-core-i7-1255u-14-inch-fhd-ips-display-black-laptop, Core i7, 12th (Intel),"Tk 97,000 "
Asus ExpertBook B3 Flip B3402FEA Intel Core i5 1135G7 8GB RAM 512GB SSD 14 Inch FHD Touch Display Star Black Laptop #LE1009 (Stylus Pen Included),https://www.ryanscomputers.com/asus-expertbook-b3-flip-b3402fea-11th-gen-intel-core-i5-1135g7-14-inch-fhd-led-touch-display-star-black-laptop, Core i5, 11th (Intel),"Tk 97,000 "
Dell Inspiron 15 5510 Intel Core i7 11370H 8GB RAM 512GB SSD 15.6 Inch FHD Display Silver Laptop,https://www.ryanscomputers.com/dell-inspiron-15-5510-intel-core-i7-11370h-15-6-inch-fhd-display-silver-laptop, Core i7, 11th (Intel),"Tk 98,000 "
Asus ExpertBook L2 Flip L2402FYA AMD Ryzen 5 5625U 8GB RAM 512GB SSD 14 Inch FHD Touch Display Star Black Laptop,https://www.ryanscomputers.com/asus-expertbook-l2-flip-l2402fya-amd-ryzen-5-5625u-14-inch-fhd-touch-led-display-star-black-laptop, Ryzen 5, Not Applicable,"Tk 100,000 "
"Asus VivoBook 15X K3504VA Intel Core i5 1335U 16GB RAM, 512GB SSD 15.6 Inch FHD WV Display Cool Silver Laptop",https://www.ryanscomputers.com/asus-vivobook-15x-k3504va-intel-core-i5-1335u-16gb-ram-512gb-ssd-15.6-inch-fhd-wv-display-cool-silver-laptop, Core i5, 13th (Intel),"Tk 101,000 "
"MSI Cyborg 15 A12UCX Intel Core i5 12450H 8GB RAM, 512GB SSD 15.6 Inch FHD Display Black Gaming Laptop with MSI Essential Backpack",https://www.ryanscomputers.com/msi-cyborg-15-a12ucx-intel-core-i5-12450h-8gb-ram-512gb-ssd-15.6-inch-fhd-display-black-gaming-laptop, Core i5, 12th (Intel),"Tk 103,000 "
"Asus VivoBook 15X K3504ZA Intel Core i7 1255U 16GB RAM, 512GB SSD 15.6 Inch FHD WV Display Cool Silver Laptop #K3504ZA-BQ075W",https://www.ryanscomputers.com/asus-vivobook-15x-k3504za-intel-core-i7-1255u-16gb-ram-512gb-ssd-15.6-inch-fhd-wv-display-cool-silver-laptop, Core i7, 12th (Intel),"Tk 107,500 "
Asus VivoBook 16X OLED M1603QA AMD Ryzen 5 5600H 8GB RAM 512GB SSD 16 Inch 4K WQUXGA OLED Display Quiet Blue Laptop,https://www.ryanscomputers.com/asus-vivobook-16x-oled-m1603qa-amd-ryzen-5-5600h-4k-wquxga-oled-display-quiet-blue-laptop, Ryzen 5, Not Applicable,"Tk 108,000 "
"Lenovo IdeaPad Slim 5 Light 14ABR8 AMD Ryzen 5 7530U 16GB RAM, 512GB SSD 14 Inch FHD IPS Anti-Glare Display Cloud Grey Laptop",https://www.ryanscomputers.com/lenovo-ideapad-slim-5-light-14abr8-amd-ryzen-5-7530u-16gb-ram-512gb-ssd-14-inch-fhd-ips-anti-glare-display-cloud-grey-laptop, Ryzen 5, Not Applicable,"Tk 108,000 "
MSI Commercial 14 H A13MG Intel Core i5 13420H 8GB RAM 1TB SSD 14 Inch FHD+ IPS Display Black Laptop with MSI Essential Backpack,https://www.ryanscomputers.com/msi-commercial-14-h-a13mg-intel-core-i5-13420h-8gb-ram-1tb-ssd-14-inch-fhd-plus-ips-display-black-laptop, Core i5, 13th (Intel),"Tk 108,000 "
"Lenovo IdeaPad Slim 5 Light 14ABR8 AMD Ryzen 7 7730U 16GB RAM, 512GB SSD 14 Inch FHD IPS Anti-Glare Display Cloud Grey Laptop",https://www.ryanscomputers.com/lenovo-ideapad-slim-5-light-14abr8-amd-ryzen-7-7730u-16gb-ram-512gb-ssd-14-inch-fhd-ips-anti-glare-display-cloud-grey-laptop, Ryzen 7, Not Applicable,"Tk 111,500 "
Apple MacBook Air Late 2020 Apple M1 Chip 8GB RAM 256GB SSD 13.3 Inch Retina Display Space Gray MacBook MacBook,https://www.ryanscomputers.com/apple-macbook-air-late-2020-apple-m1-chip-13.3-inch-retina-display-space-gray-macbook, Apple M1, Not Applicable,"Tk 112,000 "
Apple MacBook Air Late 2020 Apple M1 Chip 8GB RAM 256GB SSD 13.3 Inch Retina Display Touch ID Gold MacBook,https://www.ryanscomputers.com/apple-macbook-air-late-2020-apple-m1-chip-13.3-inch-retina-display-touch-id-gold-macbook, Apple M1, Not Applicable,"Tk 112,000 "
Asus VivoBook 15 X513EP Intel Core i7 1165G7 8GB RAM 512GB SSD 15.6 Inch FHD WV Display Cobalt Blue Laptop,https://www.ryanscomputers.com/asus-vivobook-15-x513ep-intel-core-i7-1165g7-15.6-inch-fhd-wv-display-cobalt-blue-laptop, Core i7, 11th (Intel),"Tk 112,000 "
Asus VivoBook 15 X513EP Intel Core i7 1165G7 8GB RAM 512GB SSD 15.6 Inch FHD WV Display Bespoke Black Laptop,https://www.ryanscomputers.com/asus-vivobook-15-x513ep-intel-core-i7-1165g7-15.6-inch-fhd-wv-display-bespoke-black-laptop, Core i7, 11th (Intel),"Tk 112,000 "
Asus ExpertBook B5 Flip B5302FEA Intel Core i5 1135G7 8GB RAM 512GB SSD 13.3 Inch FHD OLED Touch Display Star Black Laptop (Stylus Pen Included),https://www.ryanscomputers.com/asus-expertbook-b5-flip-b5302fea-intel-core-i5-1135g7-13.3-inch-star-black-laptop, Core i5, 11th (Intel),"Tk 113,000 "
Asus VivoBook Pro 15 K3500PA Intel Core i7 11370H 8GB RAM 512GB SSD 15.6 Inch FHD Display Quiet Blue Laptop,https://www.ryanscomputers.com/asus-vivobook-pro-15-k3500pa-11th-gen-intel-core-i7-11370h-15.6-inch-fhd-display-quiet-blue-laptop, Core i7, 11th (Intel),"Tk 113,500 "
"MSI Cyborg 15 A13UC Intel Core i5 13420H 16GB RAM, 512GB SSD 15.6 Inch FHD Display Black Gaming Laptop with MSI Essential Backpack",https://www.ryanscomputers.com/msi-cyborg-15-a13uc-intel-core-i5-13420h-16gb-ram-512gb-ssd-15.6-inch-fhd-display-black-gaming-laptop, Core i5, 13th (Intel),"Tk 113,500 "
ASUS Vivobook 15 X1504VA Intel Core i7 1355U 16GB RAM 512GB SSD 15.6 Inch FHD Display Quiet Blue Laptop,https://www.ryanscomputers.com/asus-vivobook-15-x1504va-intel-core-i7-1355u-15.6-inch-fhd-display-quiet-blue-laptop, Core i7, 13th (Intel),"Tk 114,000 "
Lenovo Yoga 6 13ABR8 AMD Ryzen 5 7530U 16GB RAM 512GB SSD 13.3 Inch FHD+ WUXGA IPS Touch Display Dark Teal Laptop,https://www.ryanscomputers.com/lenovo-yoga-6-13abr8-amd-ryzen-5-7530u-16gb-ram-512gb-ssd-13.3-inch-fhd-plus-wuxga-ips-touch-display-dark-teal-laptop, Ryzen 5, Not Applicable,"Tk 114,500 "
Asus VivoBook S15 S513EQ Intel Core i7 1165G7 8GB RAM 512GB SSD 15.6 Inch FHD OLED Display Hearty Gold Laptop,https://www.ryanscomputers.com/asus-vivobook-s15-s513eq-15.6-inch-hearty-gold-laptop, Core i7, 11th (Intel),"Tk 115,500 "
"Asus TUF Gaming F15 FX507ZC4 Intel Core i5 12500H 8GB RAM, 512GB SSD 15.6 Inch FHD Display Mecha Gray Gaming Laptop",https://www.ryanscomputers.com/asus-tuf-gaming-f15-fx507zc4-intel-core-i5-12500h-8gb-ram-512gb-ssd-15.6-inch-fhd-display-mecha-gray-gaming-laptop, Core i5, 12th (Intel),"Tk 115,900 "
Acer Nitro 5 AN515-58-59JP Intel Core i5 12450H 8GB RAM 512GB SSD 15.6 Inch FHD Display Obsidian Black Gaming Laptop,https://www.ryanscomputers.com/acer-nitro-5-an515-58-59jp-intel-core-i5-12450h-15.6-inch-fhd-display-obsidian-black-gaming-laptop, Core i5, 12th (Intel),"Tk 117,000 "
"Lenovo IdeaPad FLEX 5i 14IAU7 Intel Core i5 1235U 16GB RAM, 512GB SSD 14 Inch FHD+ WUXGA IPS Touch Display Storm Grey Laptop",https://www.ryanscomputers.com/lenovo-ideapad-flex-5i-14iau7-intel-core-i5-1235u-16gb-ram-512gb-ssd-14-inch-fhd-plus-wuxga-ips-touch-display-storm-grey-laptop, Core i5, 12th (Intel),"Tk 118,000 "
"HP ProBook 440 G10 Intel Core i7 1355U 8GB RAM, 512GB SSD 14 Inch FHD Display Silver Laptop",https://www.ryanscomputers.com/hp-probook-440-g10-intel-core-i7-1355u-8gb-ram-512gb-ssd-14-inch-fhd-display-silver-laptop, Core i7, 13th (Intel),"Tk 118,500 "
"HP ProBook 450 G10 Intel Core i7 1355U 8GB RAM, 512GB SSD 15.6 Inch FHD IPS Display Silver Laptop",https://www.ryanscomputers.com/hp-probook-450-g10-intel-core-i7-1355u-8gb-ram-512gb-ssd-15.6-inch-fhd-ips-display-silver-laptop, Core i7, 13th (Intel),"Tk 118,500 "
"Lenovo IdeaPad Gaming 3 15ARH7 AMD Ryzen 5 7535HS 8GB RAM, 512GB SSD 15.6 Inch FHD Display Onyx Grey Gaming Laptop",https://www.ryanscomputers.com/lenovo-ideapad-gaming-3-15arh7-amd-ryzen-5-7535hs-8gb-ram-512gb-ssd-15.6-inch-fhd-display-onyx-grey-gaming-laptop, Ryzen 5, Not Applicable,"Tk 120,500 "
Lenovo IdeaPad Slim 5i Pro 16ITL-6 Intel Core i5 11300H 16GB DDR4 RAM 512GB SSD 16 Inch 2.5K WQXGA IPS Display Storm Grey Laptop,https://www.ryanscomputers.com/lenovo-ideapad-slim-5i-pro-16itl-6-intel-core-i5-11300h-16-inch-2.5k-wqxga-ips-display-storm-grey-laptop, Core i5, 11th (Intel),"Tk 121,000 "
Gigabyte Gaming G5 MF Intel Core i5 12500H 8GB RAM 512GB SSD 15.6 Inch FHD Display Matte Black Gaming Laptop,https://www.ryanscomputers.com/gigabyte-gaming-g5-mf-12th-gen-intel-core-i5-12500h-15.6-inch-fhd-display-matte-black-gaming-laptop, Core i5, 12th (Intel),"Tk 124,000 "
"Microsoft Surface Laptop Go 3 Intel Core i5 1235U 8GB RAM, 256GB SSD 12.4 Inch PixelSense MultiTouch Display Sage Surface Go Laptop",https://www.ryanscomputers.com/microsoft-surface-laptop-go-3-intel-core-i5-1235u-8gb-ram-256gb-ssd-12.4-inch-pixelsense-multitouch-display-sage-surface-go-laptop, Core i5, 12th (Intel),"Tk 124,000 "
"Asus VivoBook S 14 Flip TP3402VA Intel Core i5 1335U 16GB RAM, 512GB SSD 14 Inch WUXGA Touch Display Quiet Blue Laptop",https://www.ryanscomputers.com/asus-vivobook-s-14-flip-tp3402va-intel-core-i5-1335u-16gb-ram-512gb-ssd-14-inch-wuxga-touch-display-quiet-blue-laptop, Core i5, 13th (Intel),"Tk 124,000 "
Lenovo Yoga 6 13ABR8 AMD Ryzen 7 7730U 16GB RAM 512GB SSD 13.3 Inch FHD+ WUXGA IPS Touch Display Dark Teal Laptop,https://www.ryanscomputers.com/lenovo-yoga-6-13abr8-amd-ryzen-7-7730u-16gb-ram-512gb-ssd-13.3-inch-fhd-plus-wuxga-ips-touch-display-dark-teal-laptop, Ryzen 7, Not Applicable,"Tk 125,500 "
"Lenovo IdeaPad Pro 5 16ARP8 AMD Ryzen 5 7535HS 16GB RAM, 512GB SSD 16 Inch 2.5K QHD WQXGA Display Arctic Grey Laptop",https://www.ryanscomputers.com/lenovo-ideapad-pro-5-16arp8-amd-ryzen-5-7535hs-16gb-ram-512gb-ssd-16-inch-2.5k-qhd-wqxga-display-arctic-grey-laptop, Ryzen 5, Not Applicable,"Tk 125,500 "
"Lenovo IdeaPad FLEX 5i 14IRU8 Intel Core i5 1335U 16GB RAM, 512GB SSD 14 Inch FHD+ WUXGA IPS Touch Display Arctic Grey Laptop",https://www.ryanscomputers.com/lenovo-ideapad-flex-5i-14iru8-intel-core-i5-1335u-16gb-ram-512gb-ssd-14-inch-fhd-plus-wuxga-ips-touch-display-arctic-grey-laptop, Core i5, 13th (Intel),"Tk 128,000 "
MSI Cyborg 15 A12VE Intel Core i5 12450H 16GB RAM 512GB SSD 15.6 Inch FHD Display Black Gaming Laptop,https://www.ryanscomputers.com/msi-cyborg-15-a12ve-intel-core-i5-12450h-15.6-inch-fhd-display-black-gaming-laptop, Core i5, 12th (Intel),"Tk 129,500 "
Asus TUF Gaming F15 FX506HE Intel Core i7 11800H 8GB RAM 512GB SSD 15.6 Inch FHD Display Graphite Black Gaming Laptop FX506HE-HN018W,https://www.ryanscomputers.com/asus-tuf-gaming-f15-fx506he-intel-core-i7-11800h-8gb-ram-512gb-ssd-15.6-inch-fhd-display-graphite-black-gaming-laptop, Core i7, 11th (Intel),"Tk 129,900 "
"Asus VivoBook 15X OLED K3504VA Intel Core i7 1360P 16GB RAM, 512GB SSD 15.6 Inch FHD OLED Display Indie Black Laptop",https://www.ryanscomputers.com/asus-vivobook-15x-oled-k3504va-intel-core-i7-1360p-15.6-inch-fhd-oled-display-indie-black-laptop, Core i7, 13th (Intel),"Tk 130,500 "
"Lenovo IdeaPad Pro 5 16ARP8 AMD Ryzen 7 7735HS 16GB RAM, 512GB SSD 16 Inch 2.5K QHD WQXGA Display Arctic Grey Laptop",https://www.ryanscomputers.com/lenovo-ideapad-pro-5-16arp8-amd-ryzen-7-7735hs-16gb-ram-512gb-ssd-16-inch-2.5k-qhd-wqxga-display-arctic-grey-laptop, Ryzen 7, Not Applicable,"Tk 130,500 "
"Asus TUF Gaming F15 FX507ZC4 Intel Core i7 12700H 8GB RAM, 512GB SSD 15.6 Inch FHD Display Mecha Gray Gaming Laptop",https://www.ryanscomputers.com/asus-tuf-gaming-f15-fx507zc4-intel-core-i7-12700h-8gb-ram-512gb-ssd-15.6-inch-fhd-display-mecha-gray-gaming-laptop, Core i7, 12th (Intel),"Tk 131,900 "
Asus TUF Gaming F15 FX506HE Intel Core i5 11400H 8GB RAM 512GB SSD 15.6 Inch FHD Display Graphite Black Gaming Laptop,https://www.ryanscomputers.com/asus-tuf-gaming-f15-fx506he-intel-core-i5-11400h-graphite-black-gaming-laptop, Core i5, 11th (Intel),"Tk 133,500 "
Lenovo IdeaPad Gaming 3 15ARH7 AMD Ryzen 5 7535HS 8GB RAM 512GB SSD 15.6 Inch FHD Display Onyx Grey Gaming Laptop,https://www.ryanscomputers.com/lenovo-ideapad-gaming-3-15arh7-amd-ryzen-5-7535hs-15.6-inch-fhd-display-onyx-grey-gaming-laptop, Ryzen 5, Not Applicable,"Tk 134,000 "
Gigabyte Gaming G5 KF Intel Core i5 12500H 8GB RAM 512GB SSD 15.6 Inch FHD Display Matte Black Gaming Laptop,https://www.ryanscomputers.com/gigabyte-gaming-g5-kf-12th-gen-intel-core-i5-12500h-15.6-inch-fhd-display-matte-black-gaming-laptop, Core i5, 12th (Intel),"Tk 135,000 "
Microsoft Surface Go 3 (Wi-Fi) Intel Core i3 10100Y 8GB RAM 128GB SSD 10.5 Inch PixelSense MultiTouch Display Black Surface Go (Type Cover is sold separately),https://www.ryanscomputers.com/microsoft-surface-go-3-intel-core-i3-10100y-10.5-inch-pixelsense-multitouch-display-black-surface-go-laptop, Core i3, 10th (Intel),"Tk 138,000 (Estimated)"
Lenovo IdeaPad Gaming 3 15ARH7 AMD Ryzen 7 7735HS 16GB RAM 512GB SSD 15.6 Inch FHD Display Onyx Grey Gaming Laptop,https://www.ryanscomputers.com/lenovo-ideapad-gaming-3-15arh7-amd-ryzen-7-7735hs-15.6-inch-fhd-display-onyx-grey-gaming-laptop, Ryzen 7, Not Applicable,"Tk 139,000 "
Asus VivoBook Pro 15 M3500QC AMD Ryzen 7 5800H 16GB RAM 512GB SSD 15.6 Inch FHD Display Quiet Blue Laptop,https://www.ryanscomputers.com/asus-vivobook-pro-15-m3500qc-15.6-inch-quiet-blue-laptop, Ryzen 7, Not Applicable,"Tk 139,500 "
"Lenovo IdeaPad Slim 5i 16IRL8 Intel Core i7 13700H 16GB RAM, 512GB SSD 16 Inch FHD+ WUXGA Display Cloud Grey Laptop",https://www.ryanscomputers.com/lenovo-ideapad-slim-5i-16irl8-intel-core-i7-13700h-16-inch-fhd-plus-wuxga-display-cloud-grey-laptop, Core i7, 13th (Intel),"Tk 140,000 "
Asus TUF Gaming A15 FA507RE AMD Ryzen 7 6800H 16GB RAM 512GB SSD 15.6 Inch FHD Display Mecha Gray (TUF) Gaming Laptop,https://www.ryanscomputers.com/asus-tuf-gaming-a15-fa507re-amd-ryzen-7-6800h-tuf-gaming-laptop, Ryzen 7, Not Applicable,"Tk 142,900 "
Asus TUF Gaming A15 FA507RE AMD Ryzen 7 6800H 16GB RAM 512GB SSD 15.6 Inch FHD Display Jaeger Gray (TUF) Gaming Laptop,https://www.ryanscomputers.com/asus-tuf-gaming-a15-fa507re-amd-ryzen-7-6800h-jaeger-gray-tuf-gaming-laptop, Ryzen 7, Not Applicable, 
Microsoft Surface Laptop 4 Intel Core i5 1135G7 16GB RAM 512GB SSD 13.5 Inch Pixelsense Multi Touch Display Ice Blue Alcantara Surface Laptop,https://www.ryanscomputers.com/microsoft-surface-laptop-4-intel-core-i5-1135g7-13.5-inch-pixelsense-multi-touch-display-ice-blue-laptop, Core i5, 11th (Intel),"Tk 142,900 "
Asus VivoBook Pro 15 M3500QC AMD Ryzen 7 5800H 16GB RAM 512GB SSD 15.6 Inch FHD OLED Display Quiet Blue Laptop #L1373W-M3500QC,https://www.ryanscomputers.com/asus-vivobook-pro-15-m3500qc-amd-ryzen-7-5800h-quiet-blue-laptop, Ryzen 7, Not Applicable, 
Microsoft Surface Pro 9 (Wi-Fi) Intel Core i5 1235U 8GB RAM 256GB SSD 13 Inch Pixelsense Flow Multi Touch Display Graphite 2-in-1 Detachable Laptop (Type Cover is sold separately),https://www.ryanscomputers.com/microsoft-surface-pro-9-intel-core-i5-1235u-13-inch-pixelsense-flow-multi-touch-display-laptop, Core i5, 12th (Intel),"Tk 144,000 "
Gigabyte AORUS 15 9MF Intel Core i5 12500H 8GB RAM 512GB SSD 15.6 Inch FHD Display Matte Black Gaming Laptop,https://www.ryanscomputers.com/gigabyte-aorus-15-9mf-intel-core-i5-12500h-15.6-inch-fhd-display-matte-black-gaming-laptop, Core i5, 12th (Intel),"Tk 144,500 "
Asus VivoBook 16X OLED K3605ZF Intel Core i5 12450H 16GB RAM 512GB SSD 16 Inch 3.2K OLED Display Indie Black Laptop,https://www.ryanscomputers.com/asus-vivobook-16x-oled-k3605zf-intel-core-i5-12450h-16-inch-3.2k-oled-display-indie-black-laptop, Core i5, 12th (Intel),"Tk 145,000 "
"Lenovo LOQ Gaming 15IRH8 Intel Core i5 13420H 16GB RAM, 512GB SSD 15.6 Inch FHD IPS Display Storm Grey Gaming Laptop",https://www.ryanscomputers.com/lenovo-loq-gaming-15irh8-intel-core-i5-13420h-16gb-ram-512gb-ssd-15.6-inch-fhd-ips-display-storm-grey-gaming-laptop, Core i5, 13th (Intel),"Tk 146,000 "
Apple MacBook Air (2022) Apple M2 Chip 8GB RAM 256GB SSD 13.6 Inch Liquid Retina Display Space Gray MacBook,https://www.ryanscomputers.com/apple-macbook-air-2022-apple-m2-chip-13.6-inch-liquid-retina-display-space-gray-macbook, Apple M2, Not Applicable,"Tk 148,000 "
"Microsoft Surface Laptop 5 Intel Core i5 1235U 8GB RAM, 512GB SSD 13.5 Inch Pixelsense Multi Touch Display Matte Black Metal Surface Laptop #R1S-00026",https://www.ryanscomputers.com/microsoft-surface-laptop-5-intel-core-i5-1235u-13.5-inch-pixelsense-multi-touch-display-matte-black-metal-surface-laptop, Core i5, 12th (Intel),"Tk 148,000 "
"Lenovo IdeaPad FLEX 5i 14IAU7 Intel Core i7 1255U 16GB RAM, 512GB SSD 14 Inch FHD+ WUXGA IPS Touch Display Storm Grey Laptop",https://www.ryanscomputers.com/lenovo-ideapad-flex-5i-14iau7-intel-core-i7-1255u-16gb-ram-512gb-ssd-14-inch-fhd-plus-wuxga-ips-touch-display-storm-grey-laptop, Core i7, 12th (Intel),"Tk 149,000 (Estimated)"
Asus VivoBook Pro 15 M3500QC AMD Ryzen 9 5900HX 16GB RAM 512GB SSD 15.6 Inch FHD WV Display Quiet Blue Laptop,https://www.ryanscomputers.com/asus-vivobook-pro-15-m3500qc-amd-ryzen-9-5900hx-15.6-inch-fhd-wv-display-quiet-blue-laptop, Ryzen 9, Not Applicable,"Tk 149,000 "
Microsoft Surface Laptop 5 Intel Core i5 1235U 8GB RAM 512GB SSD 13.5 Inch Pixelsense Multi Touch Display Platinum Alcantara Surface Laptop,https://www.ryanscomputers.com/microsoft-surface-laptop-5-intel-core-i5-1235u-13.5-inch-pixelsense-display-platinum-alcantara-surface-laptop, Core i5, 12th (Intel),"Tk 150,000 "
Asus TUF Gaming A15 FA506QM AMD Ryzen 7 5800H 16GB RAM 512GB SSD 15.6 Inch FHD Display Graphite Black (TUF) Gaming Laptop,https://www.ryanscomputers.com/asus-tuf-gaming-a15-fa506qm-amd-ryzen-7-5800h-15.6-inch-fhd-led-display-graphite-black-gaming-laptop, Ryzen 7, Not Applicable,"Tk 154,000 "
Lenovo IdeaPad Slim 5i 15IAL7 Intel Core i7 1255U 16GB RAM 512GB SSD 15.6 Inch FHD IPS Antiglare Display Storm Grey Laptop,https://www.ryanscomputers.com/lenovo-ideapad-slim-5i-15ial7-12th-gen-intel-core-i7-1255u-15.6-inch-fhd-ips-antiglare-display-storm-grey-laptop, Core i7, 12th (Intel),"Tk 154,000 "
"Acer Predator Helios Neo 16 PHN16-71-59XW Intel Core i5 13500HX 16GBRAM, 512GB SSD 16 Inch WUXGA Display Obsidian Black Gaming Laptop",https://www.ryanscomputers.com/acer-predator-helios-neo-16-phn16-71-59xw-intel-core-i5-13500hx-16gbram-512gb-ssd-16-inch-wuxga-display-obsidian-black-gaming-laptop, Core i5, 13th (Intel),"Tk 154,000 "
Asus ZenBook 14X OLED UX5401EA Intel Core i7 1165G7 16GB RAM 512GB SSD 14 Inch 2.8K OLED WQHD Touch Display Pine Grey Laptop,https://www.ryanscomputers.com/asus-zenbook-14x-oled-ux5401ea-pine-grey-laptop, Core i7, 11th (Intel), 
MSI Katana 15 B13VEK Intel Core i7 13620H 16GB RAM 1TB SSD 15.6 Inch FHD Display Black Gaming Laptop,https://www.ryanscomputers.com/msi-katana-15-b13vek-13th-gen-intel-core-i7-13620h-15.6-inch-fhd-display-black-gaming-laptop, Core i7, 13th (Intel),"Tk 155,000 "
Asus TUF Dash F15 FX517ZE Intel Core i5 12450H 16GB RAM 512GB SSD 15.6 Inch FHD Display OFF-Black Gaming Laptop,https://www.ryanscomputers.com/asus-tuf-dash-f15-fx517ze-intel-core-i5-12450h-15.6-inch-fhd-led-wv-display-off-black-gaming-laptop, Core i5, 12th (Intel),"Tk 156,000 "
Lenovo IdeaPad Gaming 3 15ARH7 AMD Ryzen 7 7735HS 16GB RAM 512GB SSD 15.6 Inch FHD Display Onyx Grey Gaming Laptop #82SB00PKIN-2Y,https://www.ryanscomputers.com/lenovo-ideapad-gaming-3-15arh7-amd-ryzen-7-7735hs-15.6-inch-fhd-ips-display-onyx-grey-gaming-laptop, Ryzen 7, Not Applicable,"Tk 157,000 "
Asus Zenbook 14 Flip OLED UP3404VA Intel Core i5 1340P 16GB RAM 512GB SSD 14 Inch 2.8K OLED WQHD Touch Display Foggy Silver Laptop,https://www.ryanscomputers.com/asus-zenbook-14-flip-oled-up3404va-intel-core-i5-1340p-14-inch-2.8k-oled-wqhd-touch-display-foggy-silver-laptop, Core i5, 13th (Intel),"Tk 157,500 "
"Lenovo IdeaPad FLEX 5i 14IRU8 Intel Core i7 1355U 16GB RAM, 512GB SSD 14 Inch FHD+ WUXGA IPS Touch Display Arctic Grey Laptop",https://www.ryanscomputers.com/lenovo-ideapad-flex-5i-14iru8-intel-core-i7-1355u-16gb-ram-512gb-ssd-14-inch-fhd-plus-wuxga-ips-touch-display-arctic-grey-laptop, Core i7, 13th (Intel),"Tk 159,000 "
Asus TUF Gaming A15 FA507RM AMD Ryzen 7 6800H 16GB RAM 512GB SSD 15.6 Inch FHD Display Jaeger Gray (TUF) Gaming Laptop,https://www.ryanscomputers.com/asus-tuf-gaming-a15-fa507rm-amd-ryzen-7-6800h-15.6-inch-fhd-led-display-jaeger-gray-gaming-laptop, Ryzen 7, Not Applicable,"Tk 159,000 "
Apple MacBook Pro (2022) Apple M2 Chip 8GB RAM 256GB SSD 13.3 Inch Retina Display Space Gray Laptop,https://www.ryanscomputers.com/apple-macbook-pro-2022-apple-m2-chip-space-gray-laptop, Apple M2, Not Applicable,"Tk 159,000 "
Lenovo IdeaPad Gaming 3i 16IAH7 Intel Core i7 12650H 16GB RAM 512GB SSD 16 Inch FHD+ WUXGA Display Onyx Grey Gaming Laptop,https://www.ryanscomputers.com/lenovo-ideapad-gaming-3i-16iah7-intel-core-i7-12650h-16-inch-fhd-plus-wuxga-display-onyx-grey-gaming-laptop, Core i7, 12th (Intel),"Tk 160,000 "
Lenovo Yoga Slim 6i 14IRH8 Intel Core i7 13700H 16GB RAM 512GB SSD 14 Inch FHD+ WUXGA OLED Display Storm Grey Laptop,https://www.ryanscomputers.com/lenovo-yoga-slim-6i-14irh8-intel-core-i7-13700h-14-inch-fhd--wuxga-oled-display-storm-grey-laptop, Core i7, 13th (Intel),"Tk 162,900 "
"MSI Katana 15 B13VFK Intel Core i7 13620H 16GB RAM, 1TB SSD 15.6 Inch FHD Display Black Gaming Laptop with MSI Essential Backpack",https://www.ryanscomputers.com/msi-katana-15-b13vfk-intel-core-i7-13620h-16gb-ram-1tb-ssd-15.6-inch-fhd-display-black-gaming-laptop, Core i7, 13th (Intel), 
Microsoft Surface Laptop 5 Intel Core i5 1245U 16GB RAM 512GB SSD 13.5 Inch Pixelsense Multi Touch Display Matte Black Metal Surface Laptop,https://www.ryanscomputers.com/microsoft-surface-laptop-5-intel-core-i5-1245u-16gb-ram-512gb-ssd-13.5-inch-pixelsense-multi-touch-display-matte-black-metal-surface-laptop, Core i5, 12th (Intel),"Tk 163,000 (Estimated)"
Apple MacBook Air (2023) Apple M2 Chip 8GB RAM 256GB SSD 15.3 Inch Liquid Retina Display Midnight MacBook,https://www.ryanscomputers.com/apple-15-inch-macbook-air-2023-m2-256gb-midnight, Apple M2, Not Applicable,"Tk 165,000 "
Apple MacBook Air (2023) Apple M2 Chip 8GB RAM 256GB SSD 15.3 Inch Liquid Retina Display Starlight MacBook,https://www.ryanscomputers.com/apple-15-inch-macbook-air-2023-m2-256gb-starlight, Apple M2, Not Applicable,"Tk 165,000 "
Asus VivoBook Pro 16X M7600QE AMD Ryzen 7 5800H 16GB RAM 512GB SSD 16 Inch 4K WQUXGA OLED Display 0 Degree Black Laptop,https://www.ryanscomputers.com/asus-vivobook-pro-16x-m7600qe-amd-ryzen-7-5800h-16-inch-4k-wquxga-oled-display-0-degree-black-laptop, Ryzen 7, Not Applicable,"Tk 167,500 "
Asus ZenBook Duo UX482EA Intel Core i7 1165G7 16GB RAM 512GB SSD 14 Inch FHD Touch Display Celestial Blue Laptop,https://www.ryanscomputers.com/asus-zenbook-duo-ux482ea-14-inch-celestial-blue-laptop, Core i7, 11th (Intel),"Tk 168,000 "
"Lenovo IdeaPad Pro 5i 16IRH8 Intel Core i7 13700H 16GB RAM, 512GB SSD 16 Inch 2.5K QHD WQXGA IPS Display Arctic Grey Laptop",https://www.ryanscomputers.com/lenovo-ideapad-pro-5i-16irh8-intel-core-i7-13700h-16gb-ram-512gb-ssd-16-inch-2.5k-qhd-wqxga-ips-display-arctic-grey-laptop, Core i7, 13th (Intel),"Tk 169,000 (Estimated)"
Lenovo Yoga Pro 7i 14IRH8 Intel Core i7 13700H 16GB RAM 512GB SSD 14.5 Inch 2.5K QHD WQXGA IPS Display Tidal Teal Laptop,https://www.ryanscomputers.com/lenovo-yoga-pro-7i-14irh8-intel-core-i7-13700h-14.5-inch-2.5k-qhd-wqxga-ips-display-tidal-teal-laptop, Core i7, 13th (Intel),"Tk 169,000 "
Acer Predator Helios Neo 16 PHN16-71-757P Intel Core i7 13700HX 16GB RAM 1TB SSD 16 Inch FHD+ WUXGA Display Obsidian Black Gaming Laptop,https://www.ryanscomputers.com/acer-predator-helios-neo-16-phn16-71-757p-intel-core-i7-13700hx-16-inch-fhd-plus-wuxga-display-obsidian-black-gaming-laptop, Core i7, 13th (Intel),"Tk 174,000 "
"Microsoft Surface Laptop 5 Intel Core i7 1255U 8GB RAM, 512GB SSD 15 Inch Pixelsense Multi Touch Display Platinum Metal Surface Laptop",https://www.ryanscomputers.com/microsoft-surface-laptop-5-intel-core-i7-1255u-15-inch-pixelsense-multi-touch-display-platinum-metal-surface-laptop, Core i7, 12th (Intel),"Tk 174,000 "
Asus TUF Gaming A15 FA507XV AMD Ryzen 9 7940HS 8GB RAM 512GB SSD 15.6 Inch 2K WQHD Display Jaeger Gray Gaming Laptop,https://www.ryanscomputers.com/asus-tuf-gaming-a15-fa507xv-amd-ryzen-9-7940hs-15.6-inch-2k-wqhd-display-jaeger-gray-gaming-laptop, Ryzen 9, Not Applicable,"Tk 175,000 "
"Lenovo LOQ Gaming 15IRH8 Intel Core i7 13620H 16GB RAM, 512GB SSD 15.6 Inch FHD IPS Display Storm Grey Gaming Laptop",https://www.ryanscomputers.com/lenovo-loq-gaming-15irh8-intel-core-i7-13620h-16gb-ram-512gb-ssd-15.6-inch-fhd-ips-display-storm-grey-gaming-laptop, Core i7, 13th (Intel),"Tk 175,000 "
Apple MacBook Pro (2022) Apple M2 Chip 8GB RAM 512GB SSD 13.3 Inch Retina Display Space Gray Laptop #MNEJ3LL/A / MNEJ3ZP/A,https://www.ryanscomputers.com/apple-macbook-pro-2022-apple-m2-space-gray-laptop, Apple M2, Not Applicable,"Tk 176,500 "
HP Envy 15-ep1890TX Intel Core i7 11800H 16GB RAM 1TB SSD 15.6 Inch FHD Touch Display Silver Laptop,https://www.ryanscomputers.com/hp-envy-15-ep1890tx-intel-core-i7silver-laptop, Core i7, 11th (Intel),"Tk 178,000 "
Apple MacBook Air (2022) Apple M2 Chip 8GB RAM 512GB SSD 13.6 Inch Liquid Retina Display Midnight MacBook #MLY43LL/A / MLY43ZP/A,https://www.ryanscomputers.com/apple-macbook-air-2022-13.6-inch-liquid-retina-display-midnight-macbook, Apple M2, Not Applicable,"Tk 179,900 "
Asus ZenBook Duo UX482EG Intel Core i7 1165G7 16GB RAM 512GB SSD 14 Inch FHD WV Touch Display Celestial Blue Laptop,https://www.ryanscomputers.com/asus-zenbook-duo-ux482eg-14-inch-celestial-blue-laptop, Core i7, 11th (Intel),"Tk 180,000 "
Asus ROG Strix G17 G713RM AMD Ryzen 7 6800H 16GB RAM 512GB SSD 17.3 Inch FHD Display Eclipse Gray Gaming Laptop,https://www.ryanscomputers.com/asus-rog-strix-g17-g713rm-amd-ryzen-7-6800h-17.3-inch-fhd-wv-display-eclipse-gray-gaming-laptop, Ryzen 7, Not Applicable,"Tk 182,000 (Estimated)"
Asus TUF Dash F15 FX517ZM Intel Core i5 12450H 16GB RAM 512GB SSD 15.6 Inch FHD Display OFF-Black Gaming Laptop,https://www.ryanscomputers.com/asus-tuf-dash-f15-fx517zm-intel-core-i5-12450h-15.6-inch-fhd-led-wv-display-off-black-gaming-laptop, Core i5, 12th (Intel),"Tk 185,000 "
"Lenovo Yoga Pro 7 14ARP8 AMD Ryzen 7 7735HS 16GB RAM, 512GB SSD 14.5 Inch 3K Display Tidal Teal Laptop",https://www.ryanscomputers.com/lenovo-yoga-pro-7-14arp8-amd-ryzen-7-7735hs-16gb-ram-512gb-ssd-14.5-inch-3k-display-tidal-teal-laptop, Ryzen 7, Not Applicable,"Tk 185,000 (Estimated)"
Apple MacBook Air (2022) Apple M2 Chip 16GB RAM 256GB SSD 13.6 Inch Liquid Retina Display Starlight MacBook,https://www.ryanscomputers.com/apple-macbook-air-2022-apple-m2-apple-chip-starlight-macbook-z15y001su, Apple M2, Not Applicable,"Tk 185,500 "
Asus ZenBook S 13 OLED UX5304VA Intel Core i7 1355U 16GB RAM 1TB SSD 13.3 Inch 2.8K OLED WQHD Display Ponder Blue Laptop,https://www.ryanscomputers.com/asus-zenbook-s-13-oled-ux5304va-intel-core-i7-1355u-13.3-inch-2.8k-oled-wqhd-display-ponder-blue-laptop, Core i7, 13th (Intel),"Tk 185,900 "
Lenovo LOQ Gaming 15IRH8 Intel Core i7 13620H 16GB RAM 512GB SSD 15.6 Inch FHD Display torm Grey Gaming Laptop,https://www.ryanscomputers.com/lenovo-loq-gaming-15irh8-intel-core-i7-13620h-15.6-inch-fhd-display-torm-grey-gaming-laptop, Core i7, 13th (Intel), 
"Asus Zenbook 14 Flip OLED UP3404VA Intel Core i7 1360P 16GB RAM, 512GB SSD 14 Inch 2.8K OLED WQHD Touch Display Foggy Silver Laptop",https://www.ryanscomputers.com/asus-zenbook-14-flip-oled-up3404va-intel-core-i7-1360p-14-inch-2.8k-oled-wqhd-touch-display-foggy-silver-laptop, Core i7, 13th (Intel),"Tk 186,000 "
Microsoft Surface Laptop 5 Intel Core i7 1255U 16GB RAM 512GB SSD 13.5 Inch Pixelsense Multi Touch Display Platinum Metal Surface Laptop,https://www.ryanscomputers.com/microsoft-surface-laptop-5-intel-core-i7-1255u-13.5-inch-pixelsense-multi-touch-display-platinum-surface-laptop, Core i7, 12th (Intel),"Tk 187,000 "
Microsoft Surface Laptop 5 Intel Core i7 1255U 16GB RAM 512GB SSD 13.5 Inch Pixelsense Multi Touch Display Sandstone Metal Surface Laptop,https://www.ryanscomputers.com/microsoft-surface-laptop-5-intel-core-i7-1255u-13.5-inch-pixelsense-multi-touch-display-sandstone-metal-surface-laptop, Core i7, 12th (Intel),"Tk 187,500 (Estimated)"
Asus ZenBook S 13 OLED UX5304VA Intel Core i7 1355U 16GB RAM 1TB SSD 13.3 Inch 3K OLED WQHD Display Basalt Grey Laptop,https://www.ryanscomputers.com/asus-zenbook-s-13-oled-ux5304va-intel-core-i7-1355u-13.3-inch-3k-oled-wqhd-display-basalt-grey-laptop, Core i7, 13th (Intel),"Tk 189,900 "
Apple MacBook Air (2023) Apple M2 Chip 8GB RAM 512GB SSD 15.3 Inch Liquid Retina Display Space Gray MacBook,https://www.ryanscomputers.com/apple-15-inch-macbook-air-2023-m2-512gb-space-gray, Apple M2, Not Applicable,"Tk 190,000 "
Apple MacBook Air (2023) Apple M2 Chip 8GB RAM 512GB SSD 15.3 Inch Liquid Retina Display Silver MacBook,https://www.ryanscomputers.com/apple-15-inch-macbook-air-2023-m2-512gb-silver, Apple M2, Not Applicable,"Tk 195,000 "
"Apple MacBook Air (2023) Apple M2 Chip 8GB RAM 512GB SSD 15.3 Inch Liquid Retina Display Midnight MacBook #MQKX3LL/A, MQKX3ZP/A, MQKX3PA/A",https://www.ryanscomputers.com/apple-15-inch-macbook-air-2023-m2-512gb-midnight, Apple M2, Not Applicable,"Tk 198,000 "
"Lenovo Legion Slim 5 16APH8 AMD Ryzen 7 7840HS 16GB RAM, 512GB SSD 16 Inch 2.5K QHD WQXGA Display Storm Grey Gaming Laptop",https://www.ryanscomputers.com/lenovo-legion-slim-5-16aph8-amd-ryzen-7-7840hs-16gb-ram-512gb-ssd-16-inch-2.5k-qhd-wqxga-display-storm-grey-gaming-laptop, Ryzen 7, Not Applicable,"Tk 198,000 "
Microsoft Surface Laptop 4 Intel Core i7 1185G7 32GB RAM 1TB SSD 13.5 Inch Pixelsense Multi Touch Display Matte Black Metal Surface Laptop #5GB-00021,https://www.ryanscomputers.com/microsoft-surface-laptop-4-intel-core-i7-1185g7-1tb-ssd-matte-black-metal-surface-laptop, Core i7, 11th (Intel),"Tk 199,990 "
Acer Predator Helios 16 PH16-71-70L4 Intel Core i7 13700HX 16GB RAM 1TB SSD 16 Inch 2.5K QHD+ WQXGA Display Abyssal Black Gaming Laptop,https://www.ryanscomputers.com/acer-predator-helios-16-ph16-71-70l4-intel-core-i7-13700hx-16-inch-2.5k-qhd-plus-wqxga-ips-display-abyssal-black-gaming-laptop, Core i7, 13th (Intel),"Tk 205,000 (Estimated)"
"Apple MacBook Pro (Late 2023) Apple M3 8GB RAM, 512GB SSD 14.2 Inch Liquid Retina XDR Display Silver Laptop",https://www.ryanscomputers.com/apple-macbook-pro-late-2023-apple-m3-8gb-ram-14.2-inch-liquid-retina-xdr-display-silver-laptop, Apple M3, Not Applicable,"Tk 205,000 (Estimated)"
"Apple MacBook Pro (Late 2023) Apple M3 8GB RAM, 512GB SSD 14.2 Inch Liquid Retina XDR Display Space Gray Laptop",https://www.ryanscomputers.com/apple-macbook-pro-late-2023-apple-m3-8gb-ram-512gb-ssd-14.2-inch-liquid-retina-xdr-display-space-gray-laptop, Apple M3, Not Applicable,"Tk 205,000 (Estimated)"
Lenovo Legion 5i 15IAH7H Intel Core i7 12700H 16GB RAM 1TB SSD 15.6 Inch FHD Display Storm Grey Gaming Laptop,https://www.ryanscomputers.com/lenovo-legion-5i-15iah7h-intel-core-i7-12700h-15.6-inch-fhd-ips-anti-glare-display-storm-grey-gaming-laptop, Core i7, 12th (Intel),"Tk 248,000 "
Lenovo Legion 5i Pro 16IAH7H Intel Core i7 12700H 16GB RAM 1TB SSD 16 Inch 2.5K QHD WQXGA Display Storm Grey Gaming Laptop,https://www.ryanscomputers.com/lenovo-legion-5i-pro-16iah7h-12th-gen-intel-core-i7-12700h-16-inch-2.5k-qhd-wqxga-ips-display-storm-grey-gaming-laptop, Core i7, 12th (Intel),"Tk 255,000 "
Lenovo Legion Slim 7i 16IAH7 Intel Core i7 12700H 16GB RAM 1TB SSD 16 Inch 2.5K QHD WQXGA Display Onyx Grey Gaming Laptop,https://www.ryanscomputers.com/lenovo-legion-slim-7i-16iah7-intel-core-i7-12700h-16-inch-2.5k-qhd-wqxga-display-onyx-grey-gaming-laptop, Core i7, 12th (Intel),"Tk 255,000 "
Lenovo Legion Slim 7i 16IAH7 Intel Core i7 12700H 16GB RAM 1TB SSD 16 Inch 2.5K QHD WQXGA Display Onyx Grey Gaming Laptop #82TF005UIN-2Y,https://www.ryanscomputers.com/lenovo-legion-slim-7i-16iah7-12th-gen-intel-core-i7-12700h-16-inch-2.5k-qhd-wqxga-ips-display-onyx-grey-gaming-laptop, Core i7, 12th (Intel),"Tk 259,000 "
Apple MacBook Air (2022) Apple M2 Chip 24GB RAM 512GB SSD 13.6 Inch Liquid Retina Display Midnight MacBook,https://www.ryanscomputers.com/apple-macbook-air-2022-apple-m2-chip-13.6-inch-liquid-retina-display-midnight-macbook-z161000zy, Apple M2, Not Applicable,"Tk 265,000 (Estimated)"
Apple MacBook Pro (2023) Apple M2 Pro Chip 16GB RAM 512GB SSD 14.2 Inch Liquid Retina XDR Display Space Gray Laptop,https://www.ryanscomputers.com/apple-macbook-pro-2023-apple-m2-pro-14.2-inch-liquid-retina-xdr-display-space-gray-laptop, Apple M2, Not Applicable,"Tk 265,000 (Estimated)"
Apple MacBook Air (2023) Apple M2 Chip 16GB RAM 512GB SSD 15.3 Inch Liquid Retina Display Midnight MacBook,https://www.ryanscomputers.com/apple-macbook-air-2023-apple-m2-15.3-inch-liquid-retina-display-midnight-macbook, Apple M2, Not Applicable,"Tk 265,000 (Estimated)"
Apple MacBook Air (2023) Apple M2 Chip 16GB RAM 512GB SSD 15.3 Inch Liquid Retina Display Space Gray MacBook #Z18L000PR,https://www.ryanscomputers.com/apple-macbook-air-2023-apple-m2-15.3-inch-liquid-retina-display-space-gray-macbook, Apple M2, Not Applicable,"Tk 265,000 (Estimated)"
Apple MacBook Air (2022) Apple M2 Chip 24GB RAM 1TB SSD 13.6 Inch Liquid Retina Display Midnight MacBook,https://www.ryanscomputers.com/apple-macbook-air-2022-apple-m2-13.6-inch-liquid-retina-display-midnight-macbook, Apple M2, Not Applicable,"Tk 265,000 (Estimated)"
"Lenovo Yoga 9i 14IRP8 Intel Core i7 1360P 16GB RAM, 1TB SSD 14 Inch 2.8K OLED WQHD Touch Display Oatmeal Laptop",https://www.ryanscomputers.com/lenovo-yoga-9i-14irp8-intel-core-i7-1360p-16gb-ram-1tb-ssd-14-inch-2.8k-oled-wqhd-touch-display-oatmeal-laptop, Core i7, 13th (Intel),"Tk 268,000 "
"Apple MacBook Pro (Late 2023) Apple M3 8GB RAM, 1TB SSD 14.2 Inch Liquid Retina XDR Display Space Gray Laptop",https://www.ryanscomputers.com/apple-macbook-pro-late-2023-apple-m3-8gb-ram-1tb-ssd-14.2-inch-liquid-retina-xdr-display-space-gray-laptop, Apple M3, Not Applicable,"Tk 270,000 "
"Apple MacBook Pro (Late 2023) Apple M3 8GB RAM, 1TB SSD 14.2 Inch Liquid Retina XDR Display Silver Laptop",https://www.ryanscomputers.com/apple-macbook-pro--late-2023--apple-m3-8gb-ram-1tb-ssd-14.2-inch-liquid-retina-xdr-display-silver-laptop, Apple M3, Not Applicable,"Tk 270,000 "
Lenovo Legion Slim 7i 16IRH8 Intel Core i7 13700H 16GB RAM 1TB SSD 16 Inch 3.2K Display Storm Grey Gaming Laptop,https://www.ryanscomputers.com/lenovo-legion-slim-7i-16irh8-intel-core-i7-13700h-16-inch-3.2k-display-storm-grey-gaming-laptop, Core i7, 13th (Intel),"Tk 273,000 "
Lenovo Legion Pro 5i 16IRX8 Intel Core i7 13700HX 16GB RAM 1TB SSD 16 Inch 2.5K QHD WQXGA Display Onyx Grey Gaming Laptop,https://www.ryanscomputers.com/lenovo-legion-pro-5i-16irx8-intel-core-i7-13700hx-16gb-ram-1tb-ssd-16-inch-2.5k-qhd-wqxga-display-onyx-grey-gaming-laptop, Core i7, 13th (Intel),"Tk 273,000 "
Acer Predator Helios 16 PH16-71-74MN Intel Core i7 13700HX 32GB RAM 1TB SSD 16 Inch QHD+ WQXGA Display Abyssal Black Gaming Laptop,https://www.ryanscomputers.com/acer-predator-helios-16-ph16-71-intel-core-i7-13700hx-16-inch-2.5k-qhd--wqxga-display-abyssal-black-gaming-laptop, Core i7, 13th (Intel),"Tk 274,900 "
Asus ProArt StudioBook 16 H5600QM AMD Ryzen 7 5800H 16GB RAM 1TB SSD 16 Inch 4K WQUXGA OLED Display Star Black Laptop,https://www.ryanscomputers.com/asus-proart-studiobook-16-h5600qm-amd-ryzen-7-5800h-16-inch-wquxga-oled-display-star-black-laptop, Ryzen 7, Not Applicable,"Tk 275,000 "
"Apple MacBook Pro (Late 2023) Apple M3 Pro 18GB RAM, 512GB SSD 14.2 Inch Liquid Retina XDR Display Silver Laptop",https://www.ryanscomputers.com/apple-macbook-pro-late-2023-apple-m3-pro-18gb-ram-512gb-ssd-14.2-inch-liquid-retina-xdr-display-silver-laptop, Apple M3, Not Applicable,"Tk 285,000 (Estimated)"
Lenovo Legion Pro 5i 16IRX8 Intel Core i7 13700HX 32GB RAM 1TB SSD 16 Inch 2.5K QHD WQXGA Display Onyx Grey Gaming Laptop,https://www.ryanscomputers.com/lenovo-legion-pro-5i-16irx8-intel-core-i7-13700hx-16-inch-2.5k-qhd-wqxga-display-onyx-grey-gaming-laptop, Core i7, 13th (Intel),"Tk 288,000 "
Microsoft Surface Laptop Studio Intel Core i7 11370H 32GB RAM 1TB SSD 14.4 Inch Pixelsense Flow Multi Touch Display Platinum Surface Laptop #ABY-00001,https://www.ryanscomputers.com/microsoft-surface-laptop-studio-intel-core-i7-11370h-1tb-ssd-platinum-surface-laptop, Core i7, 11th (Intel),"Tk 289,000 "
Apple MacBook Pro (Late 2021) Apple M1 Pro (10-Core) Chip 32GB RAM 1TB SSD 14.2 Inch Liquid Retina XDR Display Space Gray Laptop,https://www.ryanscomputers.com/apple-macbook-pro-late-2021-apple-m1-pro-10-core-chip-14.2-inch-liquid-retina-xdr-display-space-gray-laptop, Apple M1, Not Applicable,"Tk 299,000 "
Asus ProArt StudioBook 16 H5600QM AMD Ryzen 9 5900HX 32GB RAM 1TB SSD 16 Inch 4K WQUXGA OLED Display Star Black Laptop,https://www.ryanscomputers.com/asus-proart-studiobook-16-h5600qm-amd-ryzen-9-5900hx-16-inch-4k-wquxga-oled-display-star-black-laptop, Ryzen 9, Not Applicable,"Tk 302,000 "
Apple MacBook Pro (2023) Apple M2 Pro Chip 16GB RAM 1TB SSD 14.2 Inch Liquid Retina XDR Display Space Gray Laptop,https://www.ryanscomputers.com/apple-macbook-pro-2023-apple-m2-pro-16gb-ram-14.2-inch-liquid-retina-xdr-display-space-gray-laptop, Apple M2, Not Applicable,"Tk 315,000 (Estimated)"
Apple MacBook Air (2022) Apple M2 Chip 24GB RAM 2TB SSD 13.6 Inch Liquid Retina Display Midnight MacBook,https://www.ryanscomputers.com/apple-macbook-air-2022-apple-m2-chip-2tb-ssd-13.6-inch-liquid-retina-display-midnight-macbook, Apple M2, Not Applicable,"Tk 325,000 (Estimated)"
Asus ProArt StudioBook 16 H5600QR AMD Ryzen 9 5900HX 32GB RAM 1TB SSD 16 Inch 4K WQUXGA OLED Display Star Black Laptop,https://www.ryanscomputers.com/asus-proart-studiobook-16-h5600qr-amd-ryzen-9-5900hx-16-inch-wquxga-oled-display-star-black-laptop, Ryzen 9, Not Applicable,"Tk 333,000 "
Apple MacBook Pro (2023) Apple M2 Pro Chip 16GB RAM 512GB SSD 16.2 Inch Liquid Retina XDR Display Silver Laptop,https://www.ryanscomputers.com/apple-macbook-pro-2023-apple-m2-pro-16.2-inch-liquid-retina-xdr-display-silver-laptop-mnwc3ll-a, Apple M2, Not Applicable,"Tk 335,000 (Estimated)"
Lenovo Legion 7i Gaming 16IAX7 Intel Core i9 12900HX 32GB RAM 1TB SSD 16 Inch 2.5K QHD WQXGA IPS Anti-Glare Display Storm Grey-Black Gaming Laptop,https://www.ryanscomputers.com/lenovo-legion-7i-gaming-16iax7-intel-core-i9-12900hx-32gb-ram-1tb-ssd-16-inch-storm-grey-black-gaming-laptop, Core i9, 12th (Intel),"Tk 338,000 "
Apple MacBook Pro (2023) Apple M2 Pro Chip 16GB RAM 512GB SSD 16.2 Inch Liquid Retina XDR Display Space Gray Laptop,https://www.ryanscomputers.com/apple-macbook-pro-2023-apple-m2-pro-16.2-inch-liquid-retina-xdr-display-space-gray-laptop, Apple M2, Not Applicable,"Tk 340,000 (Estimated)"
MSI Stealth 16 Mercedes AMG A13VF Intel Core i9 13900H 32GB RAM 1TB SSD 16 Inch 4K UHD+ Display Selenite Gray Gaming Laptop,https://www.ryanscomputers.com/msi-stealth-16-mercedes-amg-a13vf-intel-core-i9-13900h-16-inch-4k-uhd-plus-oled-display-selenite-gray-gaming-laptop, Core i9, 13th (Intel),"Tk 349,900 "
Apple MacBook Pro (Late 2021) Apple M1 Max (10-Core) Chip 32GB RAM 1TB SSD 16.2 Inch Liquid Retina XDR Display Silver Laptop,https://www.ryanscomputers.com/apple-macbook-pro-late-2021-apple-m1-max-10-core-chip-16.2-inch-liquid-retina-xdr-display-silver-laptop, Apple M1, Not Applicable,"Tk 350,000 (Estimated)"
"Apple MacBook Pro (Late 2023) Apple M3 Pro 18GB RAM, 1TB SSD 14.2 Inch Liquid Retina XDR Display Space Black Laptop",https://www.ryanscomputers.com/apple-macbook-pro-late-2023-apple-m3-pro-18gb-ram-1tb-ssd-14.2-inch-liquid-retina-xdr-display-space-black-laptop, Apple M3, Not Applicable,"Tk 352,000 "
"Apple MacBook Pro (Late 2023) Apple M3 Pro 18GB RAM, 1TB SSD 14.2 Inch Liquid Retina XDR Display Silver Laptop",https://www.ryanscomputers.com/apple-macbook-pro-late-2023-apple-m3-pro-18gb-ram-1tb-ssd-14.2-inch-liquid-retina-xdr-display-silver-laptop, Apple M3, Not Applicable,"Tk 352,000 (Estimated)"
MSI Creator Z16 HX Studio B13VFTO Intel Core i7 13700HX 32GB RAM 2TB SSD 16 Inch QHD+ Touch Display Lunar Gray Gaming Laptop,https://www.ryanscomputers.com/msi-creator-z16-hx-studio-b13vfto-13th-gen-intel-core-i7-13700hx-16-inch-qhd-plus-display-lunar-gray-gaming-laptop, Core i7, 13th (Intel),"Tk 365,000 "
"Apple Macbook Pro (Late 2023) Apple M3 Pro 18GB RAM, 512GB SSD 16.2 Inch Liquid Retina XDR Display Space Black Laptop",https://www.ryanscomputers.com/apple-macbook-pro-late-2023-apple-m3-pro-18gb-ram-512gb-ssd-16.2-inch-liquid-retina-xdr-display-space-black-laptop, Apple M3, Not Applicable,"Tk 380,000 (Estimated)"
"Apple Macbook Pro (Late 2023) Apple M3 Pro 18GB RAM, 512GB SSD 16.2 Inch Liquid Retina XDR Display Silver Laptop",https://www.ryanscomputers.com/apple-macbook-pro-late-2023-apple-m3-pro-18gb-ram-512gb-ssd-16.2-inch-liquid-retina-xdr-display-silver-laptop, Apple M3, Not Applicable,"Tk 380,000 (Estimated)"
Microsoft Surface Laptop Studio Intel Core i7 11370H 32GB RAM 2TB SSD 14.4 Inch Pixelsense Flow Multi Touch Display Platinum Surface Laptop #AI2-00001,https://www.ryanscomputers.com/microsoft-surface-laptop-studio-intel-core-i7-11370h-platinum-surface-laptop-ai2-00001, Core i7, 11th (Intel),"Tk 385,000 (Estimated)"
MSI Raider GE68 HX 13VG Intel Core i9 13950HX 32GB RAM 2TB SSD 16 Inch 4K UHD+ Display Core Black Gaming Laptop,https://www.ryanscomputers.com/msi-raider-ge68-hx-13vg-intel-core-i9-13950hx-16-inch-4k-uhd-plus-display-core-black-gaming-laptop, Core i9, 13th (Intel),"Tk 395,000 "
Apple MacBook Pro (2023) Apple M2 Max Chip 32GB RAM 1TB SSD 14.2 Inch Liquid Retina XDR Display Space Gray Laptop,https://www.ryanscomputers.com/apple-macbook-pro-2023-apple-m2-max-14.2-inch-liquid-retina-xdr-display-space-gray-laptop, Apple M2, Not Applicable,"Tk 396,000 "
Apple MacBook Pro (2023) Apple M2 Max Chip 32GB RAM 1TB SSD 14.2 Inch Liquid Retina XDR Display Silver Laptop,https://www.ryanscomputers.com/apple-macbook-pro-2023-apple-m2-max-14.2-inch-liquid-retina-xdr-display-silver-laptop-mphk3ll-a, Apple M2, Not Applicable,"Tk 396,000 (Estimated)"
"Apple Macbook Pro (Late 2023) Apple M3 Pro 36GB RAM, 512GB SSD 16.2 Inch Liquid Retina XDR Display Space Black Laptop",https://www.ryanscomputers.com/apple-macbook-pro-late-2023-apple-m3-pro-36gb-ram-512gb-ssd-16.2-inch-liquid-retina-xdr-display-space-black-laptop, Apple M3, Not Applicable,"Tk 399,000 (Estimated)"
MSI Stealth 16 Mercedes AMG A13VG Intel Core i9 13900H 32GB RAM 2TB SSD 16 Inch 4K UHD+ Display Selenite Gray Gaming Laptop,https://www.ryanscomputers.com/msi-stealth-16-mercedes-amg-a13vg-intel-core-i9-13900h-16-inch-4k-uhd-plus-oled-display-selenite-gray-gaming-laptop, Core i9, 13th (Intel),"Tk 399,900 "
"Apple Macbook Pro (Late 2023) Apple M3 Pro 36GB RAM, 1TB SSD 16.2 Inch Liquid Retina XDR Display Silver Laptop",https://www.ryanscomputers.com/apple-macbook-pro-late-2023-apple-m3-pro-36gb-ram-1tb-ssd-16.2-inch-liquid-retina-xdr-display-silver-laptop, Apple M3, Not Applicable,"Tk 415,000 (Estimated)"
"Apple MacBook Pro (Late 2023) Apple M3 Max 36GB RAM, 1TB SSD 14.2 Inch Liquid Retina XDR Display Space Black Laptop #Z1AV001HY",https://www.ryanscomputers.com/apple-macbook-pro--late-2023--apple-m3-max-36gb-ram--1tb-ssd-14.2-inch-liquid-retina-xdr-display-space-black-laptop-z1av001hy, Apple M3, Not Applicable,"Tk 415,000 "
"Apple Macbook Pro (Late 2023) Apple M3 Pro 36GB, 512GB SSD 16.2 Inch Liquid Retina XDR Display Silver Laptop",https://www.ryanscomputers.com/apple-macbook-pro-late-2023-apple-m3-pro-36gb-512gb-ssd-16.2-inch-liquid-retina-xdr-display-silver-laptop, Apple M3, Not Applicable,"Tk 445,000 (Estimated)"
"Apple Macbook Pro (Late 2023) Apple M3 Max 36GB RAM, 1TB SSD 16.2 Inch Liquid Retina XDR Display Silver Laptop",https://www.ryanscomputers.com/apple-macbook-pro-late-2023-apple-m3-max-16.2-inch-liquid-retina-xdr-display-silver-laptop, Apple M3, Not Applicable,"Tk 445,000 (Estimated)"
"Apple Macbook Pro (Late 2023) Apple M3 Pro 36GB RAM, 1TB SSD 16.2 Inch Liquid Retina XDR Display Space Black Laptop",https://www.ryanscomputers.com/apple-macbook-pro-late-2023-apple-m3-pro-36gb-ram-1tb-ssd-16.2-inch-liquid-retina-xdr-display-space-black-laptop, Apple M3, Not Applicable,"Tk 450,000 (Estimated)"
"Apple MacBook Pro (Late 2023) Apple M3 Max 36GB RAM, 1TB SSD 14.2 Inch Liquid Retina XDR Display Space Black Laptop",https://www.ryanscomputers.com/apple-macbook-pro-late-2023-apple-m3-max-36gb-ram-1tb-ssd-14.2-inch-liquid-retina-xdr-display-space-black-laptop, Apple M3, Not Applicable,"Tk 450,000 (Estimated)"
"Apple MacBook Pro (Late 2023) Apple M3 Max 36GB RAM, 1TB SSD 14.2 Inch Liquid Retina XDR Display Silver Laptop",https://www.ryanscomputers.com/apple-macbook-pro-late-2023-apple-m3-max-36gb-ram-1tb-ssd-14.2-inch-liquid-retina-xdr-display-silver-laptop, Apple M3, Not Applicable,"Tk 450,000 (Estimated)"
"Apple Macbook Pro (Late 2023) Apple M3 Max 36GB, 1TB SSD 16.2 Inch Liquid Retina XDR Display Space Black Laptop",https://www.ryanscomputers.com/apple-macbook-pro-late-2023-apple-m3-max-36gb-1tb-ssd-16.2-inch-liquid-retina-xdr-display-space-black-laptop, Apple M3, Not Applicable,"Tk 460,000 (Estimated)"
Apple MacBook Pro (2023) Apple M2 Max Chip 32GB RAM 1TB SSD 16.2 Inch Liquid Retina XDR Display Space Gray Laptop,https://www.ryanscomputers.com/apple-macbook-pro-2023-apple-m2-max-chip-16.2-inch-liquid-retina-xdr-display-space-gray-laptop, Apple M2, Not Applicable,"Tk 465,000 "
Apple MacBook Pro (Late 2021) Apple M1 Max Chip 64GB RAM 4TB SSD 16.2 Inch Liquid Retina XDR Display Space Gray Laptop #MK233LL/A,https://www.ryanscomputers.com/apple-macbook-pro-late-2021-apple-m1-max-chip-4tb-ssd-space-gray-laptop, Apple M1, Not Applicable,"Tk 479,000 "
Apple Macbook Pro (Early 2023) Apple M2 Max Chip 32GB RAM 2TB SSD 16.2 Inch Liquid Retina XDR Display Space Gray Laptop,https://www.ryanscomputers.com/apple-macbook-pro-early-2023-apple-m2-max-16.2-inch-liquid-retina-xdr-space-gray-laptop, Apple M2, Not Applicable,"Tk 495,000 (Estimated)"
"Apple Macbook Pro (Late 2023) Apple M3 Max 48GB RAM, 1TB SSD 16.2 Inch Liquid Retina XDR Display Silver Laptop",https://www.ryanscomputers.com/apple-macbook-pro-late-2023-apple-m3-max-48gb-ram-1tb-ssd-16.2-inch-liquid-retina-xdr-display-silver-laptop, Apple M3, Not Applicable,"Tk 538,000 (Estimated)"
"Apple Macbook Pro (Late 2023) Apple M3 Max 48GB RAM, 1TB SSD 16.2 Inch Liquid Retina XDR Display Space Black Laptop",https://www.ryanscomputers.com/apple-macbook-pro-late-2023-apple-m3-max-48gb-ram-1tb-ssd-16.2-inch-liquid-retina-xdr-display-space-black-laptop, Apple M3, Not Applicable,"Tk 540,000 (Estimated)"
Apple MacBook Pro (Early 2023) Apple M2 Max Chip 64GB RAM 4TB SSD 14.2 Inch Liquid Retina XDR Display Space Gray Laptop,https://www.ryanscomputers.com/apple-macbook-pro-early-2023-apple-m2-max-64gb-ram-4tb-ssd-14.2-inch-liquid-retina-xdr-display-space-gray-laptop, Apple M2, Not Applicable,"Tk 640,000 "
MSI Titan GT77HX 13VI Intel Core i9 13980HX 64GB RAM 4TB SSD 17.3 Inch 4K UHD Display Core Black Gaming Laptop,https://www.ryanscomputers.com/msi-titan-gt77hx-13vi-13th-gen-intel-core-i9-13980hx-17.3-inch-core-black-gaming-laptop, Core i9, 13th (Intel),"Tk 699,900 "
"Apple Macbook Pro (Late 2023) Apple M3 Max 64GB RAM, 4TB SSD 16.2 Inch Liquid Retina XDR Display Space Black Laptop",https://www.ryanscomputers.com/apple-macbook-pro-late-2023-apple-m3-max-64gb-ram-4tb-ssd-16.2-inch-liquid-retina-xdr-display-space-black-laptop, Apple M3, Not Applicable, 
"Apple Macbook Pro (Late 2023) Apple M3 Max 128GB RAM, 8TB SSD 16.2 Inch Liquid Retina XDR Display Space Black Laptop",https://www.ryanscomputers.com/apple-macbook-pro-late-2023-apple-m3-max-128gb-ram-8tb-ssd-16.2-inch-liquid-retina-xdr-display-space-black-laptop, Apple M3, Not Applicable,"Tk 765,000 (Estimated)"
