title,regukar_price,special_price,monthly_emi,brand,model,storage
Lenovo IdeaPad D330 10IGL Intel CDC N4020 4GB RAM 128GB eMMC 10.1 Inch HD IPS Touch Display Mineral Grey Laptop,38630,35800,3219,Lenovo,Lenovo IdeaPad D330 10IGL,128GB eMMC
HP 15s-fq3617TU Intel CDC N4500 4GB RAM 256GB SSD 15.6 Inch FHD Display Silver Laptop,46110,42500,3843,HP,HP 15s-fq3617TU,256GB SSD
HP 15s-eq1578AU AMD Athlon Silver 3050U 8GB 256GB SSD 15.6 Inch FHD Display Silver Laptop,51540,47500,4295,HP,HP 15s-eq1578AU,256GB SSD
Lenovo IdeaPad 1 15ADA7 AMD Ryzen 3 3250U 8GB RAM 512GB SSD 15.6 Inch FHD Display Cloud Grey Laptop,53930,49900,4494,Lenovo,Lenovo IdeaPad 1 15ADA7,512GB SSD
Lenovo IdeaPad Slim 3i 15ITL 11th Gen Intel Core i3 1115G4 4GB RAM 256GB SSD 15.6 Inch FHD Display Arctic Grey Laptop,55340,51400,4612,Lenovo,Lenovo IdeaPad Slim 3i 15ITL,256GB SSD
Acer Aspire Lite AL15-51 Intel Core i3 1115G4 8GB RAM 512GB SSD 15.6 Inch FHD Display Titanium Gray Laptop,55340,51500,4612,Acer,Acer Aspire Lite AL15-51,512GB SSD
Dell Inspiron 15 3515 AMD Ryzen 3 3250U 8GB RAM 256GB SSD 15.6 Inch FHD Display Silver Laptop,55660,51500,4638,Dell,Dell Inspiron 15 3515,256GB SSD
HP 15s-eq2618AU AMD Ryzen 3 5300U 8GB RAM 512GB SSD 15.6 Inch HD Display Spruce Blue Laptop,60000,55500,5000,Hp,HP 15s-eq2618AU,512GB SSD
HP 15s-du3611TU Intel Core i3 1125G4 4GB RAM 1TB HDD 15.6 Inch FHD Display Jet Black Laptop,61090,56500,5091,HP,HP 15s-du3611TU,1TB HDD
HP 15s-fq5486TU Intel Core i3 1215U 4GB RAM 256GB SSD 15.6 Inch FHD Display Black Laptop,61090,56500,5091,HP,HP 15s-fq5486TU,256GB SSD
Acer Extensa 15 EX215-23-R2JD AMD Ryzen 3 7320U 8GB RAM 256GB SSD 15.6 Inch FHD Display Steel Gray Laptop,61850,57500,5154,Acer,Acer Extensa 15 EX215-23-R2JD,256GB SSD
Acer Aspire 3 A315-59-34TO Intel Core i3 1215U 8GB RAM 512GB SSD 15.6 Inch FHD Display Moonstone Purple Laptop,62710,58000,5226,Acer,Acer Aspire 3 A315-59-34TO,512GB SSD
Acer Aspire 3 A315-59-390P Intel Core i3 1215U 8GB RAM 512GB SSD 15.6 Inch FHD Display Pure Silver Laptop,62710,58000,5226,Acer,Acer Aspire 3 A315-59-390P,512GB SSD
Huawei MateBook D 15 Intel Core i3 1115G4 8GB RAM 256GB SSD 15.6 Inch FHD Display Silver Laptop,65100,60500,5425,Huawei,Huawei MateBook D 15,256GB SSD
Acer Aspire Lite AL15-51 AMD Ryzen 5 5500U 8GB RAM 512GB SSD 15.6 Inch FHD Display Titanium Gray Laptop,65640,61000,5470,Acer,Acer Aspire Lite AL15-51,512GB SSD
Acer Aspire Lite AL15-51 Intel Core i5 1155G7 8GB RAM 512GB SSD 15.6 Inch FHD Display Titanium Gray Laptop,66190,61500,5516,Acer,Acer Aspire Lite AL15-51,512GB SSD
Asus VivoBook 15 X1500EA Intel Core i3 1115G4 8GB RAM 1TB HDD 15.6 Inch FHD WV Display Indie Black Laptop,67810,62800,5651,Asus,Asus VivoBook 15 X1500EA,1TB HDD
Acer Aspire 5 5P-A515-58P Intel Core i3 1305U 8GB RAM 512GB SSD 15.6 Inch FHD Display Steel Gray Laptop,68360,63500,5697,Acer,Acer Aspire 5 5P-A515-58P,512GB SSD
Asus VivoBook 15 X1502ZA Intel Core i3 1215U 4GB RAM 256GB SSD 15.6 Inch FHD Display Terra Cotta Laptop,69120,63900,5760,Asus,Asus VivoBook 15 X1502ZA,256GB SSD
Dell Inspiron 15 3520 Intel Core i3 1215U 8GB RAM 512GB SSD 15.6 Inch FHD Display Platinum Silver Laptop,69440,64500,5787,Dell,Dell Inspiron 15 3520,512GB SSD
HP 15s-fq5786TU Intel Core i3 1215U 8GB RAM 512GB SSD 15.6 Inch FHD Display Silver Laptop,70200,64700,5850,HP,HP 15s-fq5786TU,512GB SSD
Asus X515EA Intel Core i5 1135G7 4GB RAM 1TB HDD 15.6 Inch FHD Display Slate Grey Laptop #EJ2460W-X515EA,74110,68500,6176,Asus,Asus X515EA,1TB HDD
Asus X515EA Intel Core i5 1135G7 4GB RAM 1TB HDD 15.6 Inch FHD Display Peacock Blue Laptop,74110,68500,6176,Asus,Asus X515EA,1TB HDD
Lenovo IdeaPad Slim 3 15ABR8 AMD Ryzen 5 7530U 8GB RAM 512GB SSD 15.6 Inch FHD Antiglare IPS Display Abyss Blue Laptop,77580,72000,6465,Lenovo,Lenovo IdeaPad Slim 3 15ABR8,512GB SSD
Dell Latitude 15-3520 Intel Core i5 1135G7 8GB RAM 256GB SSD 15.6 Inch HD Display Black Laptop,79530,73500,6628,Dell,Dell Latitude 15-3520,256GB SSD
Acer Aspire 3 A315-59-5031 Intel Core i5 1235U 8GB RAM 512GB SSD 15.6 Inch FHD Display Pure Silver Laptop,80070,74000,6673,Acer,Acer Aspire 3 A315-59-5031,512GB SSD
Huawei MateBook B3-520 Intel Core i5 1135G7 8GB RAM 512GB SSD 15.6 Inch FHD Display Space Gray Laptop,81920,76000,6827,Huawei,Huawei MateBook B3-520,512GB SSD
Huawei MateBook D 15 Intel Core i5 1135G7 8GB RAM 512GB SSD 15.6 Inch FHD Display Silver Laptop,82460,76000,6872,Huawei,Huawei MateBook D 15,512GB SSD
Lenovo IdeaPad Slim 3 15ABR8 AMD Ryzen 7 7730U 8GB RAM 512GB SSD 15.6 Inch FHD Antiglare IPS Display Arctic Grey Laptop,90060,83000,7505,Lenovo,Lenovo IdeaPad Slim 3 15ABR8,512GB SSD
Acer TravelMate P214-53-72WA Intel Core i7 1165G7 8GB RAM 512GB SSD 14 Inch FHD Display Shale Black Laptop,91680,84900,7640,Acer,Acer TravelMate P214-53-72WA,512GB SSD
Lenovo IdeaPad Slim 3i 15ITL6 Intel Core i7 1165G7 8GB RAM 512GB SSD 15.6 Inch FHD Antiglare Display Arctic Grey Laptop #82H803EUIN-2Y,94940,88000,7912,Lenovo,Lenovo IdeaPad Slim 3i 15ITL6,512GB SSD
Dell Inspiron 15 3525 AMD Ryzen 7 5825U 8GB RAM 512GB SSD 15.6 Inch FHD Display Platinum Silver Laptop,95810,88500,7984,Dell,Dell Inspiron 15 3525,512GB SSD
MSI Modern 15 A11MU Intel Core i7 1195G7 8GB RAM 512GB SSD 15.6 Inch FHD Display Carbon Gray Laptop,96890,89500,8074,MSI,MSI Modern 15 A11MU,512GB SSD
MSI Modern 14 C11M Intel Core i7 1195G7 8GB RAM 512GB SSD 14 Inch FHD Display Classic Black Laptop,102860,95000,8572,MSI,MSI Modern 14 C11M,512GB SSD
Lenovo IdeaPad Slim 3i 15ITL6 Intel Core i7 1165G7 8GB RAM 512GB SSD 15.6 Inch FHD Antiglare LED Display Abyss Blue Laptop,103400,95500,8617,Lenovo,Lenovo IdeaPad Slim 3i 15ITL6,512GB SSD
Dell Inspiron 15 3511 Intel Core i7 1165G7 8GB RAM 512GB SSD 15.6 Inch FHD Display Platinum Silver Laptop,105030,97000,8753,Dell,Dell Inspiron 15 3511,512GB SSD
Lenovo IdeaPad Slim 3i 15ITL6 Intel Core i7 1165G7 8GB RAM 512GB SSD 15.6 Inch FHD Antiglare Display Arctic Grey Laptop,105030,97000,8753,Lenovo,Lenovo IdeaPad Slim 3i 15ITL6,512GB SSD
Gigabyte Gaming G5 KE Intel Core i5 12500H 8GB RAM 512GB SSD 15.6 Inch FHD Display Matte Black Gaming Laptop,157870,146000,13156,Gigabyte,Gigabyte Gaming G5 KE,512GB SSD
Microsoft Surface Laptop Studio Intel Core i7 11370H 16GB RAM 512GB SSD 14.4 Inch Pixelsense Flow Multi Touch Display Platinum Surface Laptop #A1Y-00001,246840,228000,20570,Microsoft,Microsoft Surface Laptop Studio,512GB SSD
Apple MacBook Pro (Late 2021) Apple M1 Max Chip 64GB RAM 4TB SSD 16.2 Inch Liquid Retina XDR Display Space Gray Laptop,518630,479000,43219,Apple,Apple MacBook Pro (Late 2021),4TB SSD
Lenovo IdeaPad Gaming 3i 15IHU Intel Core i7 11370H 16GB RAM 1TB HDD + 256GB SSD 15.6 Inch FHD Display Shadow Black Gaming Laptop #82K100WFIN-3Y,142680,132000,11890,Lenovo,Lenovo IdeaPad Gaming 3i 15IHU,1TB HDD+256GB SSD
Chuwi HeroBook Pro Intel CDC N4020 8GB RAM 256GB SSD 14.1 Inch FHD Display Grey Laptop,30920,29000,2577,Chuwi,Chuwi HeroBook Pro,256GB SSD
Chuwi GemiBook XPro Intel Core N100 8GB RAM 256GB SSD 14.1 Inch FHD Display Grey Laptop,36890,34800,3074,Chuwi,Chuwi GemiBook XPro,256GB SSD
Lenovo IdeaPad Slim 3i 15IGL Intel CDC N4020 4GB RAM 1TB HDD 15.6 Inch HD Display Platinum Grey Laptop,37980,35500,3165,Lenovo,Lenovo IdeaPad Slim 3i 15IGL,1TB HDD
Chuwi GemiBook Plus Intel Core N100 8GB RAM 256GB SSD 15.6 Inch FHD Display Grey Laptop,37980,35500,3165,Chuwi,Chuwi GemiBook Plus,256GB SSD
Lenovo IdeaPad Slim 3i 15IGL Intel CDC N4020 4GB RAM 1TB HDD 15.6 Inch HD Antiglare Display Platinum Grey Laptop,38520,36000,3210,Lenovo,Lenovo IdeaPad Slim 3i 15IGL,1TB HDD
Asus E210MA Intel CDC N4020 4GB RAM 256GB SSD 11.6 Inch HD Display Peacock Blue Laptop,39930,37000,3328,Asus,Asus E210MA,256GB SSD
Asus 15 P1511CMA Intel CDC N4020 4GB RAM 1TB HDD 15.6 Inch HD Display Slate Grey Laptop (Carry bag not included),40470,37500,3373,Asus,Asus 15 P1511CMA,1TB HDD
Asus X415KA Intel CDC N4500 4GB RAM 1TB HDD 14 Inch FHD Display Slate Grey Laptop,42640,39500,3553,Asus,Asus X415KA,1TB HDD
Asus X515KA Intel CDC N4500 4GB RAM 1TB HDD 15.6 Inch FHD Display Slate Grey Laptop,43730,40500,3644,Asus,Asus X515KA,1TB HDD
Asus X515MA Intel CDC N4020 4GB RAM 1TB HDD 15.6 Inch FHD Display Transparent Silver Laptop #BQ675W-X515MA,43730,40500,3644,Asus,Asus X515MA,1TB HDD
Asus X515KA Intel CDC N4500 4GB RAM 1TB HDD 15.6 Inch FHD Display Transparent Silver Laptop,43730,40500,3644,Asus,Asus X515KA,1TB HDD
Asus X515MA Intel CDC N4020 4GB RAM 1TB HDD 15.6 Inch FHD Display Slate Grey Laptop,46660,43500,3888,Asus,Asus X515MA,1TB HDD
HP 15s-fq3234TU Intel CDC N4500 4GB RAM 256GB SSD 15.6 Inch FHD Display Silver Laptop,46980,43500,3915,HP,HP 15s-fq3234TU,256GB SSD
Asus VivoBook 14 E410MA Intel CDC N4020 4GB RAM 256GB SSD 14 Inch HD Display Blue Laptop,47200,44000,3933,Asus,Asus VivoBook 14 E410MA,256GB SSD
Asus VivoBook 14 E410MA Intel CDC N4020 4GB RAM 256GB SSD 14 Inch HD Display Black Laptop,47200,44000,3933,Asus,Asus VivoBook 14 E410MA,256GB SSD
Asus M515DA AMD Ryzen 3 3250U 4GB RAM 1TB HDD 15.6 Inch HD Display Slate Grey Laptop,50240,46500,4187,Asus,Asus M515DA,1TB HDD
Acer Extensa 15 EX215-54-34SE Intel Core i3 1115G4 8GB RAM 1TB HDD 15.6 Inch FHD Display Charcoal Black Laptop,50240,46500,4187,Acer,Acer Extensa 15 EX215-54-34SE,1TB HDD
Asus E510MA Intel CDC N4020 4GB RAM 512GB SSD 15.6 Inch FHD Display Star Black Laptop #EJ601W-E510MA,50780,47000,4232,Asus,Asus E510MA,512GB SSD
Asus X515JA Intel Core i3 1005G1 4GB RAM 1TB HDD 15.6 Inch FHD WV Display Slate Grey Laptop,50780,47000,4232,Asus,Asus X515JA,1TB HDD
Lenovo IdeaPad Slim 3i 15IIL Intel Core i3 1005G1 4GB Ram 256GB SSD 15.6 Inch FHD Display Platinum Grey Laptop,51320,47500,4277,Lenovo,Lenovo IdeaPad Slim 3i 15IIL,256GB SSD
"Asus D415DA AMD Ryzen 3 3250U 8GB RAM 1TB HDD 14 Inch HD Display, Slate Grey Laptop",51540,47900,4295,Asus,Asus D415DA,1TB HDD
Asus M515DA AMD Ryzen 3 3250U 8GB RAM 1TB HDD 15.6 Inch HD Display Slate Grey Laptop,51540,47900,4295,Asus,Asus M515DA,1TB HDD
Chuwi MiniBook X 2 in 1 Intel Core N100 12GB RAM 512GB SSD 10.5 Inch FHD+ WUXGA Touch Display Grey Laptop,52080,48500,4340,Chuwi,Chuwi MiniBook X 2 in 1,512GB SSD
Asus D515DA AMD Ryzen 3 3250U 4GB RAM 512GB SSD 15.6 Inch FHD Display Slate Grey Laptop #D515DA-EJ1576W,52620,48900,4385,Asus,Asus D515DA,512GB SSD
Asus D515DA AMD Ryzen 3 3250U 4GB RAM 512GB SSD 15.6 Inch FHD Display Peacock Blue Laptop,52620,48900,4385,Asus,Asus D515DA,512GB SSD
Asus D515DA AMD Ryzen 3 3250U 4GB RAM 512GB SSD 15.6 Inch FHD Display Slate Grey Laptop #EJ1325W-D515DA,52620,48900,4385,Asus,Asus D515DA,512GB SSD
Chuwi UBook X 2 in 1 Intel Core i5 10210Y 8GB RAM 256GB SSD 12 Inch 2K Touch Display Grey Laptop,53380,49500,4448,Chuwi,Chuwi UBook X 2 in 1,256GB SSD
"Asus D515DA AMD Ryzen 3 3250U 8GB RAM, 512GB SSD 15.6 Inch FHD Display Slate Grey Laptop",54250,50500,4521,Asus,Asus D515DA,512GB SSD
"Asus D515DA AMD Ryzen 3 3250U 8GB RAM, 512GB SSD 15.6 Inch FHD Display Peacock Blue Laptop",54250,50500,4521,Asus,Asus D515DA,512GB SSD
Asus X515EA Intel Core i3 1115G4 4GB RAM 1TB HDD 15.6 Inch FHD Display Peacock Blue Laptop,56100,51900,4675,Asus,Asus X515EA,1TB HDD
Asus X515EA Intel Core i3 1115G4 4GB RAM 1TB HDD 15.6 Inch FHD Display Peacock Blue Laptop #BQ2315W-X515EA,56100,51900,4675,Asus,Asus X515EA,1TB HDD
Lenovo IdeaPad Slim 3i 15ITL6 Core i3 1115G4 4GB RAM 1TB HDD 15.6 Inch FHD Display Arctic Grey Laptop,57180,52900,4765,Lenovo,Lenovo IdeaPad Slim 3i 15ITL6,1TB HDD
Asus X515EA Intel Core i3 1115G4 8GB RAM 1TB HDD + 256GB SSD 15.6 Inch FHD Display Peacock Blue Laptop,58050,53500,4838,Asus,Asus X515EA,1TB HDD+256GB SSD
Lenovo IdeaPad Slim 3i 15ITL6 Intel Core i3 1115G4 8GB RAM 256GB SSD 15.6 Inch FHD Display Arctic Grey Laptop,57830,53500,4819,Lenovo,Lenovo IdeaPad Slim 3i 15ITL6,256GB SSD
Lenovo IdeaPad 1 15AMN7 AMD Ryzen 3 7320U 8GB RAM 512GB SSD 15.6 Inch FHD Display Cloud Grey Laptop,57510,53800,4793,Lenovo,Lenovo IdeaPad 1 15AMN7,512GB SSD
Lenovo IdeaPad 1 15AMN7 AMD Ryzen 3 7320U 8GB RAM 512GB SSD 15.6 Inch FHD Display Sand Laptop,57510,53800,4793,Lenovo,Lenovo IdeaPad 1 15AMN7,512GB SSD
Lenovo IdeaPad Slim 3i 15ITL Intel Core i3 1115G4 4GB RAM 512GB SSD 15.6 Inch FHD Display Arctic Grey Laptop,58920,54500,4910,Lenovo,Lenovo IdeaPad Slim 3i 15ITL,512GB SSD
MSI Modern 14 C11M Intel Core i3 1115G4 8GB RAM 512GB SSD 14 Inch FHD Display Classic Black Laptop#9S7-14J312-242,59130,55000,4928,MSI,MSI Modern 14 C11M,512GB SSD
Asus X415EA Intel Core i3 1115G4 4GB RAM 256GB SSD 14 Inch FHD Display Slate Grey Laptop,59680,55000,4973,Asus,Asus X415EA,256GB SSD
Lenovo IdeaPad Slim 3i 14IAU7 Intel Core i3 1215U 8GB RAM 256GB SSD 14 Inch FHD Display Misty Blue Laptop,61090,56500,5091,Lenovo,Lenovo IdeaPad Slim 3i 14IAU7,256GB SSD
Lenovo IdeaPad Slim 3i 14IAU7 Intel Core i3 1215U 8GB RAM 256GB SSD 14 Inch FHD Display Abyss Blue Laptop,61090,56500,5091,Lenovo,Lenovo IdeaPad Slim 3i 14IAU7,256GB SSD
Lenovo IdeaPad Slim 3i 14IAU7 Intel Core i3 1215U 8GB RAM 256GB SSD 14 Inch FHD Display Arctic Grey Laptop,61090,56500,5091,Lenovo,Lenovo IdeaPad Slim 3i 14IAU7,256GB SSD
Lenovo IdeaPad Slim 3i 14ITL Intel Core i3 1115G4 8GB RAM 256GB SSD 14 Inch FHD Display Arctic Grey Laptop,61410,56900,5118,Lenovo,Lenovo IdeaPad Slim 3i 14ITL,256GB SSD
Asus X415EA 11th Gen Intel Core i3 1115G4 8GB RAM 1TB HDD + 256GB SSD 14 Inch FHD Display Slate Grey Laptop,61630,57000,5136,Asus,Asus X415EA,1TB HDD + 256GB NVMe SSD
Asus ExpertBook P2451FA Intel Core i3 10110U 4GB RAM 1TB HDD 14 Inch FHD Display Star Black Laptop,61630,57000,5136,Asus,Asus ExpertBook P2451FA,1TB HDD
Lenovo IdeaPad Slim 3i 15ITL6 Intel Core i3 1115G4 8GB RAM 512GB SSD 15.6 Inch FHD Display Arctic Grey Laptop,62170,57500,5181,Lenovo,Lenovo IdeaPad Slim 3i 15ITL6,512GB SSD
Lenovo IdeaPad Slim 3i 14ITL6 Intel Core i3 1115G4 8GB RAM 512GB SSD 14 Inch FHD Display Arctic Grey Laptop,62170,57500,5181,Lenovo,Lenovo IdeaPad Slim 3i 14ITL6,512GB SSD
Acer Aspire 3 A315-59-39P4 Intel Core i3 1215U 8GB RAM 512GB SSD 15.6 Inch FHD Display Willow Green Laptop,62710,58000,5226,Acer,Acer Aspire 3 A315-59-39P4,512GB SSD
Acer Aspire 3 A315-59 Intel Core i3 1215U 8GB RAM 512GB SSD 15.6 Inch FHD Display Pure Silver Laptop,62930,58000,5244,Acer,Acer Aspire 3 A315-59,512GB SSD
HP 250 G8 Intel Core i3 1115G4 8GB RAM 1TB HDD 15.6 Inch FHD Display Silver Laptop,63260,58500,5272,Hp,HP 250 G8,1TB HDD
HP 15s-du3560TU Intel Core i3 1125G4 8GB RAM 1TB HDD 15.6 Inch FHD Display Silver Laptop,63690,58900,5308,HP,HP 15s-du3560TU,1TB HDD
Acer Aspire 3 A315-510P Intel Core i3 N305 8GB RAM 512GB SSD 15.6 Inch FHD Display Pure Silver Laptop,63690,58900,5308,Acer,Acer Aspire 3 A315-510P,512GB SSD
"Infinix INBOOK Y2 Plus Intel Core i5 1155G7 8GB RAM, 512GB SSD 15.6 Inch FHD Display Silver Laptop",64000,58990,5333,Infinix,Infinix INBOOK Y2 Plus,512GB SSD
"Infinix INBOOK Y2 Plus Intel Core i5 1155G7 8GB RAM, 512GB SSD 15.6 Inch FHD Display Grey Laptop",64000,58990,5333,Infinix,Infinix INBOOK Y2 Plus,512GB SSD
Lenovo V15 Gen 3 Intel Core i3 1215U 8GB RAM 512GB SSD 15.6 Inch FHD Display Iron Grey Laptop,64020,59500,5335,Lenovo,Lenovo V15 Gen 3,512GB SSD
Huawei MateBook B3-520 Intel Core i3 1115G4 8GB RAM 256GB SSD 15.6 Inch FHD Display Space Gray Laptop,64670,59800,5389,Huawei,Huawei MateBook B3-520,256GB SSD
Asus VivoBook S15 S513EA Intel Core i3 1115G4 4GB RAM 512GB SSD 15.6 Inch FHD OLED Display Indie Black Laptop,66730,61900,5561,Asus,Asus VivoBook S15 S513EA,512GB SSD
Asus VivoBook 15 K513EA Intel Core i3 1115G4 4GB RAM 512GB SSD 15.6 Inch FHD OLED Display Hearty Gold Laptop,66730,61900,5561,Asus,Asus VivoBook 15 K513EA,512GB SSD
"Avita LIBER V14 Intel Core i5 1135G7 8GB RAM, 512GB SSD 14 Inch FHD Display Star Silver Laptop",66730,62000,5561,Avita,Avita LIBER V14,512GB SSD
"Avita LIBER V14 Intel Core i5 1135G7 8GB RAM, 512GB SSD 14 Inch FHD Display Infinite Black Laptop",66730,62000,5561,Avita,Avita LIBER V14,512GB SSD
"Avita LIBER V14 Intel Core i5 1135G7 8GB RAM, 512GB SSD 14 Inch FHD Display Star Silver Laptop",66730,62000,5561,Avita,Avita LIBER V14,512GB SSD
"Avita LIBER V14 Intel Core i5 1135G7 8GB RAM, 512GB SSD 14 Inch FHD Display Aqua Blue Laptop",66730,62000,5561,Avita,Avita LIBER V14,512GB SSD
"Avita LIBER V14 Intel Core i5 1135G7 8GBRAM, 512GB SSD 14 Inch FHD Display Anchor Grey Laptop",66730,62000,5561,Avita,Avita LIBER V14,512GB SSD
"Avita LIBER V14 Intel Core i5 1135G7 8GB RAM, 512GB SSD 14 Inch FHD Display Golden Matt Black Laptop",66730,62000,5561,Avita,Avita LIBER V14,512GB SSD
"Avita LIBER V14 Intel Core i5 1135G7 8GB RAM, 512GB SSD 14 Inch FHD Display Flowers on Yellow Laptop",66730,62000,5561,Avita,Avita LIBER V14,512GB SSD
"Avita LIBER V14 Intel Core i5 1135G7 8GB RAM, 512GB SSD 14 Inch FHD Display Paisley on Lilac Laptop",66730,62000,5561,Avita,Avita LIBER V14,512GB SSD
"Avita LIBER V14 Intel Core i5 1135G7 8GB RAM, 512GB SSD 14 Inch FHD Display Snowflakes on Azure Blue Laptop",66730,62000,5561,Avita,Avita LIBER V14,512GB SSD
"Avita LIBER V14 Intel Core i5 1135G7 8GB RAM, 512GB SSD 14 Inch FHD Display Snowflakes on Mountain Blue Laptop",66730,62000,5561,Avita,Avita LIBER V14,512GB SSD
"Avita LIBER V14 Intel Core i5 1135G7 8GB RAM, 512GB SSD 14 Inch FHD Display Iris on Ruby Laptop",66730,62000,5561,Avita,Avita LIBER V14,512GB SSD
Chuwi CoreBook XPro Intel Core i3 1215U 16GB RAM 512GB SSD 15.6 Inch FHD Display Grey Laptop,67270,62500,5606,Chuwi,Chuwi CoreBook XPro,512GB SSD
Asus VivoBook 15 X1500EA Intel Core i3 1115G4 8GB RAM 512GB SSD 15.6 Inch FHD WV Display Indie Black Laptop,67810,62800,5651,Asus,Asus VivoBook 15 X1500EA,512GB SSD
"Asus VivoBook 15 K513EA Intel Core i3 1115G4 8GB RAM, 512GB SSD 15.6 Inch FHD OLED Display Hearty Gold Laptop",68360,63800,5697,Asus,Asus VivoBook 15 K513EA,512GB SSD
Lenovo IdeaPad Slim 3i 15IAU7 Intel Core i3 1215U 8GB RAM 512GB SSD 15.6 Inch FHD Display Abyss Blue Laptop,69220,64000,5768,Lenovo,Lenovo IdeaPad Slim 3i 15IAU7,512GB SSD
Dell Inspiron 15 3520 Intel Core i3 1215U 8GB RAM 512GB SSD 15.6 Inch FHD Display Carbon Black Laptop,69440,64500,5787,Dell,Dell Inspiron 15 3520,512GB SSD
"Asus VivoBook Go 15 E1504FA AMD Ryzen 3 7320U 8GB RAM, 512GB SSD 15.6 Inch FHD LED Display Mixed Black Laptop",70310,65000,5859,Asus,Asus VivoBook Go 15 E1504FA,512GB SSD
Acer TravelMate P214-53 Intel Core i5 1135G7 8GB RAM 1TB HDD 14 Inch FHD Display Black Laptop,70850,65500,5904,Acer,Acer TravelMate P214-53,1TB HDD
Asus ExpertBook B1 B1500CEAE Intel Core i3 1115G4 8GB RAM 512GB SSD 15.6 Inch FHD Display Star Black Laptop,70850,65500,5904,Asus,Asus ExpertBook B1 B1500CEAE,512GB SSD
"Asus VivoBook 15 X1502ZA Intel Core i3 1215U 8GB RAM, 256GB SSD 15.6 Inch FHD Display Terra Cotta Laptop",71940,66500,5995,Asus,Asus VivoBook 15 X1502ZA,256GB SSD
Asus X515EA Intel Core i5 1135G7 4GB RAM 1TB HDD 15.6 Inch FHD Display Slate Grey Laptop,74110,68500,6176,Asus,Asus X515EA,1TB HDD
Asus X515EA Intel Core i5 1135G7 4GB RAM 1TB HDD 15.6 Inch FHD WV Display Peacock Blue Laptop,74110,68500,6176,Asus,Asus X515EA,1TB
Asus VivoBook 15 X1502ZA Intel Core i3 1220P 4GB RAM 512GB SSD 15.6 Inch FHD WV Display Quiet Blue Laptop,75410,69800,6284,Asus,Asus VivoBook 15 X1502ZA,512GB SSD
Asus X515EA Intel Core i5 1135G7 8GB RAM 1TB HDD + 256GB SSD 15.6 Inch FHD Display Peacock Blue Laptop,75410,69800,6284,Asus,Asus X515EA,1TB HDD+256GB SSD
ASUS Vivobook 15 X1504VA Intel Core i3 1315U 8GB RAM 256GB SSD 15.6 Inch FHD Display Quiet Blue Laptop,76280,70500,6357,Asus,ASUS Vivobook 15 X1504VA,256GB SSD
Lenovo IdeaPad Slim 3i 14IRU8 Intel Core i3 1305U 8GB RAM 512GB SSD 14 Inch FHD IPS Display Arctic Grey Laptop,76280,70500,6357,Lenovo,Lenovo IdeaPad Slim 3i 14IRU8,512GB SSD
HP 15s-fq4786TU Intel Core i5 1155G7 8GB RAM 512GB SSD 15.6 Inch FHD Display Silver Laptop,77040,71300,6420,Hp,HP 15s-fq4786TU,512GB SSD
Asus VivoBook 14 X1402ZA Intel Core i3 1220P 8GB RAM 512GB SSD 14 Inch FHD Display Terra Cotta Laptop,77360,71500,6447,Asus,Asus VivoBook 14 X1402ZA,512GB SSD
Lenovo V15 Gen 3 Intel Core i5 1235U 8GB RAM 512GB SSD 15.6 Inch FHD Display Iron Grey Laptop,77040,71500,6420,Lenovo,Lenovo V15 Gen 3,512GB SSD
"Asus VivoBook 16 X1605ZA Intel Core i3 1215U 8GB RAM, 512GB SSD 16 Inch WUXGA Display Indie Black Laptop",77580,72000,6465,Asus,Asus VivoBook 16 X1605ZA,512GB SSD
Lenovo IdeaPad Slim 3 15ABR8 AMD Ryzen 5 7530U 8GB RAM 512GB SSD 15.6 Inch FHD Antiglare IPS Display Arctic Grey Laptop,78660,72500,6555,Lenovo,Lenovo IdeaPad Slim 3 15ABR8,512GB SSD
HP 15s-eq3619AU AMD Ryzen 5 5625U 8GB RAM 512GB SSD 15.6 Inch FHD Display Spruce Blue Laptop,79210,73200,6601,HP,HP 15s-eq3619AU,512GB SSD
Lenovo IdeaPad Slim 3i 15ITL6 Intel Core i5 1155G7 16GB RAM 512GB SSD 15.6 Inch FHD Display Arctic Grey Laptop,79530,73500,6628,Lenovo,Lenovo IdeaPad Slim 3i 15ITL6,512GB SSD
Acer Aspire 3 A315-59-50J9 Intel Core i5 1235U 8GB RAM 512GB SSD 15.6 Inch FHD Display Willow Green Laptop,80070,74000,6673,Acer,Acer Aspire 3 A315-59-50J9,512GB SSD
Asus VivoBook 15 M1502IA AMD Ryzen 5 4600H 8GB RAM 512GB SSD 15.6 Inch FHD Display Quiet Blue Laptop,80070,74000,6673,Asus,Asus VivoBook 15 M1502IA,512GB SSD
Lenovo IdeaPad Slim 3i 14IAU7 Core i5 1235U 8GB RAM 256GB SSD 14 Inch FHD Display Arctic Grey Laptop,81700,75500,6808,Lenovo,Lenovo IdeaPad Slim 3i 14IAU7,256GB SSD
Huawei MateBook B3-420 Intel Core i5 1135G7 8GB RAM 512GB SSD 14 Inch FHD Display Space Gray Laptop,82240,76000,6853,Huawei,Huawei MateBook B3-420,512GB SSD
Dell Latitude 15-3520 Intel Core i5 1145G7 8GB RAM 256GB SSD 15.6 Inch HD Display Black Laptop,83110,76800,6926,Dell,Dell Latitude 15-3520,256GB SSD
Asus ExpertBook B1 B1400CEAE Intel Core i5 1135G7 4GB RAM 256GB SSD 14 Inch FHD Display Star Black Laptop,83330,77000,6944,Asus,Asus ExpertBook B1 B1400CEAE,256GB SSD
Dell Latitude 15-3520 Intel Core i5 1135G7 8GB RAM 500GB SSD 15.6 Inch HD Display Black Laptop,83870,77500,6989,Dell,Dell Latitude 15-3520,500GB SSD
Lenovo IdeaPad 3 15ALC6 Ryzen 7 5700U 16GB RAM 512GB SSD 15.6 Inch FHD IPS Display Arctic Grey Laptop,84630,78000,7053,Lenovo,Lenovo IdeaPad 3 15ALC6,512GB SSD
Lenovo IdeaPad 3 15ALC6 AMD Ryzen 7 5700U 8GB RAM 512GB SSD 15.6 Inch FHD IPS Antiglare Display Arctic Grey Laptop,86480,79900,7207,Lenovo,Lenovo IdeaPad 3 15ALC6,512GB SSD
"Asus VivoBook 14 M1405YA AMD Ryzen 5 7530U 8GBRAM, 512GB SSD 14 Inch WUXGA Display Indie Black Laptop",86260,80000,7188,33.01.006.1794,Asus VivoBook 14 M1405YA,512GB SSD
Dell Inspiron 15 3520 Intel Core i5 1235U 8GB RAM 512GB SSD 15.6 Inch FHD Display Platinum Silver Laptop#WARMLKN15ADL23051010PLASPP,88430,81500,7369,Dell,Dell Inspiron 15 3520,512GB SSD
Dell Inspiron 15 3520 Intel Core i5 1235U 8GB RAM 512GB SSD 15.6 Inch FHD Display Carbon Black Laptop,87890,81500,7324,Dell,Dell Inspiron 15 3520,512GB SSD
Asus VivoBook Go 15 E1504FA AMD Ryzen 5 7520U 16GB RAM 512GB SSD 15.6 Inch FHD Display Mixed Black Laptop,88210,81500,7351,Asus,Asus VivoBook Go 15 E1504FA,512GB SSD
Asus VivoBook 15 X1502ZA Intel Core i5 1235U 8GB RAM 512GB SSD 15.6 Inch FHD Display Terra Cotta Laptop,88210,81500,7351,Asus,Asus VivoBook 15 X1502ZA,512GB SSD
"MSI Modern 15 B12MO Intel Core i5 1235U 16GB DRAM, 512GB SSD 15.6 Inch FHD IPS Display Classic Black Laptop",88430,81900,7369,MSI,MSI Modern 15 B12MO,512GB SSD
"MSI Modern 14 C12MO Intel Core i5 1235U 16GB RAM, 512GB SSD 14 Inch FHD IPS Display Classic Black Laptop With Bag",88430,81900,7369,MSI,MSI Modern 14 C12MO,512GB SSD
"MSI Modern 14 C12MO Intel Core i5 1235U 16GB RAM, 512GB SSD 14 Inch FHD IPS Display Urban Silver Laptop With Bag",88860,81900,7405,MSI,MSI Modern 14 C12MO,512GB SSD
Dell Inspiron 15-7591 Intel Core i7 9750H 8GB RAM 256GB SSD 15.6 Inch FHD Display Silver Laptop,88970,82000,7414,Dell,Dell Inspiron 15-7591,256GB SSD
Lenovo IdeaPad Slim 3 15ABR8 AMD Ryzen 7 7730U 8GB RAM 512GB SSD 15.6 Inch FHD Antiglare IPS Display Abyss Blue Laptop,90060,83000,7505,Lenovo,Lenovo IdeaPad Slim 3 15ABR8,512GB SSD
Lenovo IdeaPad Slim 3i 15IAU7 Intel Core i5 1235U 8GB RAM 512GB SSD 15.6 Inch FHD Display Arctic Grey Laptop,89840,83000,7487,Lenovo,Lenovo IdeaPad Slim 3i 15IAU7,512GB SSD
Asus ExpertBook B1 B1400CEAE Intel Core i5 1135G7 4GB RAM 1TB HDD 14 Inch FHD Display Star Black Laptop,90380,83500,7532,Asus,Asus ExpertBook B1 B1400CEAE,1TB HDD
HP 15s-eq2335AU AMD Ryzen 7 5700U 8GB RAM 512GB SSD 15.6 Inch FHD Display Spruce Blue Laptop,90820,83900,7568,HP,HP 15s-eq2335AU,512GB SSD
Dell Vostro 15 3510 Intel Core i5 1135G7 8GB RAM 512GB SSD 15.6 Inch FHD Display Black Laptop,90920,84000,7577,Dell,Dell Vostro 15 3510,512GB SSD
"Asus VivoBook 16 X1605ZA Intel Core i5 1235U 8GBRAM, 512GB SSD 16 Inch WUXGA Display Indie Black Laptop",94400,87500,7867,Asus,Asus VivoBook 16 X1605ZA,512GB SSD
Asus ExpertBook B1 B1400CEAE Intel Core i5 1135G7 8GB RAM 512GB SSD 14 Inch FHD Display Star Black Laptop,95810,88500,7984,Asus,Asus ExpertBook B1 B1400CEAE,512GB SSD
Asus VivoBook S15 S513EA Intel Core i5 1135G7 8GB RAM 512GB SSD 15.6 Inch FHD OLED Display Hearty Gold Laptop,96020,89000,8002,Asus,Asus VivoBook S15 S513EA,512GB SSD
Asus VivoBook S15 S513EA Intel Core i5 1135G7 8GB RAM 512GB SSD 15.6 Inch FHD OLED Display Indie Black Laptop,96020,89000,8002,Asus,Asus VivoBook S15 S513EA,512GB SSD
Microsoft Surface Go 3 (Wi-Fi) Intel Pentium Gold 6500Y 8GB RAM 128GB SSD 10.5 Inch PixelSense MultiTouch Display Platinum Surface Go (Type Cover is sold separately),96350,89000,8029,Microsoft,Microsoft Surface Go 3 (Wi-Fi),128GB SSD
"Asus VivoBook 15X K3504ZA Intel Core i5 1235U 8GB RAM, 512GB SSD 15.6 Inch FHD Display Cool Silver Laptop",96020,89000,8002,Asus,Asus VivoBook 15X K3504ZA,512GB SSD
ASUS Vivobook 15 X1504VA Intel Core i5 1335U 8GB RAM 512GB SSD 15.6 Inch FHD Display Quiet Blue Laptop,96570,89500,8048,Asus,ASUS Vivobook 15 X1504VA,512GB SSD
Dell Latitude 14-3420 Intel Core i7 1165G7 8GB RAM 512GB SSD 14 Inch FHD Display Black Laptop,97110,89900,8093,Dell,Dell Latitude 14-3420,512GB SSD
Asus VivoBook Flip 14 TM420UA AMD Ryzen 5 5500U 4GB RAM 512GB SSD 14 Inch FHD Touch Display Bespoke Black Laptop (Stylus Pen Included),97330,89900,8111,Asus,Asus VivoBook Flip 14 TM420UA,512GB SSD
MSI Modern 15 B12M Intel Core i7 1255U 16GB RAM 512GB SSD 15.6 Inch FHD Display Classic Black Laptop,97110,89900,8093,MSI,MSI Modern 15 B12M,512GB SSD
Asus VivoBook 15 K513EQ Intel Core i5 1135G7 8GB RAM 512GB SSD 15.6 Inch FHD Display Hearty Gold Laptop,97110,90000,8093,Asus,Asus VivoBook 15 K513EQ,512GB SSD
Asus VivoBook S15 S533EQ Intel Core i5 1135G7 8GB RAM 512GB SSD 15.6 Inch FHD WV Display Indie Black Laptop,97110,90000,8093,Asus,Asus VivoBook S15 S533EQ,512GB SSD
Asus VivoBook 15 K513EQ Intel Core i5 1135G7 8GB RAM 512GB SSD 15.6 Inch FHD WV Display Indie Black Laptop,97110,90000,8093,Asus,Asus VivoBook 15 K513EQ,512GB SSD
HP ProBook 440 G9 Intel Core i5 1235U 8GB RAM 512GB SSD 14 Inch FHD Display Silver Laptop#6K538PA,97430,90000,8119,Hp,HP ProBook 440 G9,512GB SSD
"Asus VivoBook S15 S513EA Intel Core i5 1135G7 16GB RAM, 512GB SSD 15.6 Inch FHD OLED Display Hearty Gold Laptop",98190,91000,8183,Asus,Asus VivoBook S15 S513EA,512GB SSD
MSI Modern 14 C12MO Intel Core i7 1255U 16GB RAM 512GB SSD 14 Inch FHD Display Classic Black Laptop,98740,91500,8228,MSI,MSI Modern 14 C12MO,512GB SSD
"Asus VivoBook 15X K3504ZA Intel Core i5 1235U 16GB RAM, 512GB SSD 15.6 Inch FHD WV Display Cool Silver Laptop #K3504ZA-BQ074W",98740,91500,8228,Asus,Asus VivoBook 15X K3504ZA,512GB SSD
Asus ZenBook 14 UM425UA AMD Ryzen 5 5500U 8GB RAM 512GB SSD 14 Inch FHD WV Display Pine Grey Laptop,101230,93500,8436,Asus,Asus ZenBook 14 UM425UA,512GB SSD
Acer Aspire 5 5M-A515-58GM Intel Core i5 1335U 8GB RAM 512GB SSD 15.6 Inch FHD Display Steel Gray Gaming Laptop,101450,94000,8454,Acer,Acer Aspire 5 5M-A515-58GM,512GB SSD
Asus VivoBook 15 K513EQ Intel Core i5 1135G7 8GB RAM 512GB SSD 15.6 Inch FHD OLED Display Hearty Gold Laptop,102530,95000,8544,Asus,Asus VivoBook 15 K513EQ,512GB SSD
Asus VivoBook S15 S513EQ Intel Core i5 1135G7 8GB RAM 512GB SSD 15.6 Inch FHD OLED Display Hearty Gold Laptop,102530,95000,8544,Asus,Asus VivoBook S15 S513EQ,512GB SSD
Asus VivoBook S15 S513EQ Intel Core i5 1135G7 8GB RAM 512GB SSD 15.6 Inch FHD OLED Display Indie Black Laptop,102530,95000,8544,Asus,Asus VivoBook S15 S513EQ,512GB SSD
Asus VivoBook S15 S513EQ Intel Core i5 1135G7 8GB RAM 512GB SSD 15.6 Inch FHD OLED Display Gold Laptop,102530,95000,8544,Asus,Asus VivoBook S15 S513EQ,512GB SSD
Asus VivoBook 15 K513EQ Intel Core i5 1135G7 8GB RAM 512GB SSD 15.6 Inch FHD OLED Display Indie Black Laptop,102530,95000,8544,Asus,Asus VivoBook 15 K513EQ,512GB SSD
Asus VivoBook 15 K513EQ Intel Core i5 1135G7 8GB RAM 512GB SSD 15.6 Inch FHD OLED Display Hearty Gold Laptop #L1667W-K513EQ,102530,95000,8544,Asus,Asus VivoBook 15 K513EQ,512GB SSD
Asus VivoBook 15 K513EQ Intel Core i5 1135G7 8GB RAM 512GB SSD 15.6 Inch FHD OLED Display Indie Black Laptop #L1724W-K513EQ,102530,95000,8544,Asus,Asus VivoBook 15 K513EQ,512GB SSD
Asus ExpertBook B5 B5302CEA Intel Core i5 1135G7 8GB RAM 512GB SSD 13.3 Inch FHD Display Star Black Laptop #EG0596,103080,95000,8590,Asus,Asus ExpertBook B5 B5302CEA,512GB SSD
"Lenovo IdeaPad Slim 5i 14IAH8 Intel Core i5 12450H 16G RAM, 512GB SSD 14 Inch 2K WUXGA IPS Display Cloud Grey Laptop",102530,95000,8544,Lenovo,Lenovo IdeaPad Slim 5i 14IAH8,512GB SSD
Lenovo IdeaPad Slim 3i 14ITL6 Intel Core i7 1165G7 8GB RAM 512GB SSD 14 Inch FHD Antiglare LED Display Abyss Blue Laptop,103400,95500,8617,Lenovo,Lenovo IdeaPad Slim 3i 14ITL6,512GB SSD
Lenovo IdeaPad FLEX 5 14ALC7 AMD Ryzen 5 5500U 16GB RAM 512GB SSD 14 Inch WUXGA Touch Display Digital Pen Storm Grey Laptop,103620,96000,8635,Lenovo,Lenovo IdeaPad FLEX 5 14ALC7,512GB SSD
Asus VivoBook Flip 14 TM420UA AMD Ryzen 7 5700U 8GB RAM 512GB SSD 14 Inch FHD Touch Display Bespoke Black Laptop #TM420UA-EC046,104700,97000,8725,Asus,Asus VivoBook Flip 14 TM420UA,512GB SSD
Asus VivoBook 15 K513EQ Intel Core i5 1135G7 16GB RAM 512GB SSD 15.6 Inch FHD OLED Display Hearty Gold Laptop #K513EQ-L1667WN,104700,97000,8725,Asus,Asus VivoBook 15 K513EQ,512GB SSD
Asus VivoBook 15 K513EQ Intel Core i5 1135G7 16GB RAM 512GB SSD 15.6 Inch FHD OLED Display Indie Black Laptop,104700,97000,8725,Asus,Asus VivoBook 15 K513EQ,512GB SSD
Asus VivoBook S15 S513EQ Intel Core i5 1135G7 16GB DDR4 512GB SSD 15.6 Inch FHD OLED Display Indie Black Laptop,104700,97000,8725,Asus,Asus VivoBook S15 S513EQ,512GB SSD
"Asus VivoBook S15 S513EQ Intel Core i5 1135G7 16GB DDR4, 512GB SSD 15.6 Inch FHD OLED Display Hearty Gold Laptop",104700,97000,8725,Asus,Asus VivoBook S15 S513EQ,512GB
Lenovo ThinkPad L14 Intel Core i5 1145G7 8GB RAM 512GB SSD 14 Inch HD Display Black Laptop,107200,99000,8933,Lenovo,Lenovo ThinkPad L14,512GB SSD
Asus ExpertBook B3 Flip B3402FEA Intel Core i5 1135G7 8GB RAM 512GB SSD 14 Inch FHD Touch Display Star Black Laptop #LE1009 (Stylus Pen Included),108280,100000,9023,Asus,Asus ExpertBook B3 Flip B3402FEA,512GB SSD
Lenovo IdeaPad Flex 5 14ALC05 AMD Ryzen 7 5700U 16GB RAM 512GB SSD Digital Pen 14 Inch FHD Touch Display Graphite Grey Laptop,110130,102000,9178,Lenovo,Lenovo IdeaPad Flex 5 14ALC05,512GB SSD
Asus VivoBook S15 S513EQ Intel Core i5 1135G7 16GB RAM 512GB SSD 15.6 Inch FHD OLED Display Hearty Gold Laptop,110670,102500,9223,Asus,Asus VivoBook S15 S513EQ,512GB
Asus ExpertBook L2 Flip L2402FYA AMD Ryzen 5 5625U 8GB RAM 512GB SSD 14 Inch FHD Touch Display Star Black Laptop,111540,103000,9295,Asus,Asus ExpertBook L2 Flip L2402FYA,512GB SSD
Acer Aspire 5 A515-58GM Intel Core i5 1335U 8GB RAM 512GB SSD 15.6 Inch FHD IPS Display Steel Gray Gaming Laptop,111760,103900,9313,Acer,Acer Aspire 5 A515-58GM,512GB SSD
"Asus VivoBook 15X K3504VA Intel Core i5 1335U 16GB RAM, 512GB SSD 15.6 Inch FHD WV Display Cool Silver Laptop",115010,106500,9584,Asus,Asus VivoBook 15X K3504VA,512GB SSD
Asus ExpertBook B1 B1500CEAE Intel Core i7 1165G7 8GB RAM 512GB SSD 15.6 Inch FHD Display Star Black Laptop,115880,107000,9657,Asus,Asus ExpertBook B1 B1500CEAE,512GB SSD
"Asus VivoBook 15X K3504ZA Intel Core i7 1255U 16GB RAM, 512GB SSD 15.6 Inch FHD WV Display Cool Silver Laptop #K3504ZA-BQ075W",116100,107500,9675,Asus,Asus VivoBook 15X K3504ZA,512GB SSD
Microsoft Surface Go 3 (Wi-Fi) Intel Core i3 10100Y 8GB RAM 128GB SSD 10.5 Inch PixelSense MultiTouch Display Black Surface Go (Type Cover is sold separately),116100,108000,9675,Microsoft,Microsoft Surface Go 3 (Wi-Fi),128GB SSD
Asus VivoBook 16X OLED M1603QA AMD Ryzen 5 5600H 8GB RAM 512GB SSD 16 Inch 4K WQUXGA OLED Display Quiet Blue Laptop,116960,108000,9747,Asus,Asus VivoBook 16X OLED M1603QA,512GB SSD
"Lenovo IdeaPad Slim 5 Light 14ABR8 AMD Ryzen 5 7530U 16GB RAM, 512GB SSD 14 Inch FHD IPS Anti-Glare Display Cloud Grey Laptop",116640,108000,9720,Lenovo,Lenovo IdeaPad Slim 5 Light 14ABR8,512GB SSD
MSI GF63 Thin 11UC Intel Core i5 11400H 8GB RAM 512GB SSD 15.6 Inch FHD Display Black Gaming Laptop,117180,108500,9765,MSI,MSI GF63 Thin 11UC,512GB SSD
HP 15s-du4026TU Intel Core i7 1255U 8GB RAM 1TB HDD + 256GB SSD 15.6 Inch FHD Display Silver Laptop,117180,108500,9765,HP,HP 15s-du4026TU,1TB HDD+256GB SSD
"Asus TUF Gaming F15 FX506HF Intel Core i7 11800H 8GB RAM, 512GB SSD 15.6 Inch FHD Display Graphite Black Gaming Laptop",117720,108900,9810,Asus,Asus TUF Gaming F15 FX506HF,512GB SSD
Acer Aspire 5 A515-58GM Intel Core i7 1355U 8GB RAM 512GB SSD 15.6 Inch FHD Display Steel Gray Gaming Laptop,118270,109900,9856,Acer,Acer Aspire 5 A515-58GM,512GB
"Lenovo IdeaPad Slim 5 Light 14ABR8 AMD Ryzen 7 7730U 16GB RAM, 512GB SSD 14 Inch FHD IPS Anti-Glare Display Cloud Grey Laptop",120440,111500,10037,Lenovo,Lenovo IdeaPad Slim 5 Light 14ABR8,512GB SSD
Apple MacBook Air Late 2020 Apple M1 Chip 8GB RAM 256GB SSD 13.3 Inch Retina Display Space Gray MacBook MacBook,120980,112000,10082,Apple,Apple MacBook Air (Late 2020),256GB SSD
Apple MacBook Air Late 2020 Apple M1 Chip 8GB RAM 256GB SSD 13.3 Inch Retina Display Silver MacBook,120980,112000,10082,Apple,Apple MacBook Air (Late 2020),256GB SSD
Apple MacBook Air Late 2020 Apple M1 Chip 8GB RAM 256GB SSD 13.3 Inch Retina Display Touch ID Gold MacBook,120980,112000,10082,Apple,Apple MacBook Air (Late 2020),256GB SSD
Asus VivoBook 15 X513EP Intel Core i7 1165G7 8GB RAM 512GB SSD 15.6 Inch FHD WV Display Cobalt Blue Laptop,120440,112000,10037,Asus,Asus VivoBook 15 X513EP,512GB SSD
Asus VivoBook 15 X513EP Intel Core i7 1165G7 8GB RAM 512GB SSD 15.6 Inch FHD WV Display Bespoke Black Laptop,119350,112000,9946,Asus,Asus VivoBook 15 X513EP,512GB SSD
Asus VivoBook 15 K513EQ Intel Core i7 1165G7 8GB RAM 512GB SSD 15.6 Inch FHD Display Hearty Gold Laptop,119350,113000,9946,Asus,Asus VivoBook 15 K513EQ,512GB SSD
Asus ExpertBook B5 Flip B5402CEA Intel Core i5 1155G7 8GB RAM 512GB SSD 14 Inch FHD Display Star Black Laptop,122390,113000,10199,Asus,Asus ExpertBook B5 Flip B5402CEA,512GB SSD
Asus ExpertBook B5 Flip B5302FEA Intel Core i5 1135G7 8GB RAM 512GB SSD 13.3 Inch FHD OLED Touch Display Star Black Laptop (Stylus Pen Included),122390,113000,10199,Asus,Asus ExpertBook B5 Flip B5302FEA,512GB SSD
Asus VivoBook Pro 15 K3500PA Intel Core i7 11370H 8GB RAM 512GB SSD 15.6 Inch FHD Display Quiet Blue Laptop,122610,113500,10218,Asus,Asus VivoBook Pro 15 K3500PA,512GB SSD
ASUS Vivobook 15 X1504VA Intel Core i7 1355U 16GB RAM 512GB SSD 15.6 Inch FHD Display Quiet Blue Laptop,123150,114000,10263,Asus,ASUS Vivobook 15 X1504VA,512GB SSD
Acer Aspire 7 A715-76G-57W7 Intel Core i5 12450H 8GB RAM 512GB SSD 15.6 Inch FHD Display Charcoal Black Gaming Laptop,123690,114500,10308,Acer,Acer Aspire 7 A715-76G-57W7,512GB SSD
Lenovo Yoga 6 13ABR8 AMD Ryzen 5 7530U 16GB RAM 512GB SSD 13.3 Inch 2K WUXGA IPS Touch Display Dark Teal Laptop,123690,114500,10308,Lenovo,Lenovo Yoga 6 13ABR8,512GB SSD
Asus VivoBook 14 K413EQ Intel Core i7 1165G7 16GB RAM 512GB SSD 14 Inch FHD WV Display Hearty Gold Laptop,124230,115000,10353,Asus,Asus VivoBook 14 K413EQ,512GB SSD
Asus VivoBook 14 K413EQ Intel Core i7 1165G7 16GB RAM 512GB SSD 14 Inch FHD WV Display Indie Black Laptop,124230,115000,10353,Asus,Asus VivoBook 14 K413EQ,512GB SSD
Asus VivoBook S15 S513EQ Intel Core i7 1165G7 8GB RAM 512GB SSD 15.6 Inch FHD OLED Display Hearty Gold Laptop,124780,115500,10398,Asus,Asus VivoBook S15 S513EQ,512GB SSD
"Asus TUF Gaming F15 FX507ZC4 Intel Core i5 12500H 8GB RAM, 512GB SSD 15.6 Inch FHD Display Mecha Gray Gaming Laptop",125320,115900,10443,Asus,Asus TUF Gaming F15 FX507ZC4,512GB SSD
Asus VivoBook Pro 15 K3500PH Intel Core i5 11300H 16GB RAM 512GB SSD 15.6 Inch FHD Display Quiet Blue Laptop #KJ242W-K3500PH,126950,118000,10579,Asus,Asus VivoBook Pro 15 K3500PH,512GB SSD
"Lenovo IdeaPad FLEX 5i 14IAU7 Intel Core i5 1235U 16GB RAM, 512GB SSD 14 Inch 2K WUXGA IPS Touch Display Storm Grey Laptop",127490,118000,10624,Lenovo,Lenovo IdeaPad FLEX 5i 14IAU7,512GB SSD
Asus VivoBook 15 K513EQ Intel Core i7 1165G7 8GB RAM 512GB SSD 15.6 Inch FHD OLED Display Hearty Gold Laptop #L1598W-K513EQ,126950,119000,10579,Asus,Asus VivoBook 15 K513EQ,512GB SSD
Asus ZenBook 14X OLED UX5401EA Intel Core i5 1135G7 8GB RAM 512GB SSD 14 Inch 2.8K OLED WQHD Touch Display Pine Grey Laptop,126950,119000,10579,Asus,Asus ZenBook 14X OLED UX5401EA,512GB SSD
"Lenovo IdeaPad Gaming 3 15ARH7 AMD Ryzen 5 7535HS 8GB RAM, 512GB SSD 15.6 Inch FHD Display Onyx Grey Gaming Laptop",130200,120500,10850,Lenovo,Lenovo IdeaPad Gaming 3 15ARH7,512GB SSD
Lenovo IdeaPad Slim 5i Pro 16ITL-6 Intel Core i5 11300H 16GB DDR4 RAM 512GB SSD 16 Inch 2.5K WQXGA IPS Display Storm Grey Laptop,130740,121000,10895,Lenovo,Lenovo IdeaPad Slim 5i Pro 16ITL-6,512GB SSD
"Microsoft Surface Laptop Go 3 Intel Core i5 1235U 8GB RAM, 256GB SSD 12.4 Inch PixelSense MultiTouch Display Sage Surface Go Laptop",134000,124000,11167,Microsoft,Microsoft Surface Laptop Go 3,256GB SSD
"Asus VivoBook S 14 Flip TP3402VA Intel Core i5 1335U 16GB RAM, 512GB SSD 14 Inch WUXGA Touch Display Quiet Blue Laptop",134000,124000,11167,Asus,Asus VivoBook S 14 Flip TP3402VA,512GB SSD
Lenovo Yoga 6 13ABR8 AMD Ryzen 7 7730U 16GB RAM 512GB SSD 13.3 Inch 2K WUXGA IPS Touch Display Dark Teal Laptop,135630,125500,11303,Lenovo,Lenovo Yoga 6 13ABR8,512GB SSD
"Lenovo IdeaPad Pro 5 16ARP8 AMD Ryzen 5 7535HS 16GB RAM, 512GB SSD 16 Inch 2.5K QHD WQXGA Display Arctic Grey Laptop",135630,125500,11303,Lenovo,Lenovo IdeaPad Pro 5 16ARP8,512GB SSD
"Lenovo IdeaPad FLEX 5i 14IRU8 Intel Core i5 1335U 16GB RAM, 512GB SSD 14 Inch 2K WUXGA IPS Touch Display Arctic Grey Laptop",138340,128000,11528,Lenovo,Lenovo IdeaPad FLEX 5i 14IRU8,512GB SSD
Asus ZenBook 14 UM3402YA AMD Ryzen 7 5825U 16GB RAM 512GB SSD 14 Inch QHD+ WQXGA Display Jade Black Laptop,139420,129000,11618,Asus,Asus ZenBook 14 UM3402YA,512GB SSD
MSI Cyborg 15 A12VE Intel Core i5 12450H 16GB RAM 512GB SSD 15.6 Inch FHD Display Black Gaming Laptop,139970,129500,11664,MSI,MSI Cyborg 15 A12VE,512GB SSD
Asus TUF Gaming F15 FX506HE Intel Core i7 11800H 8GB RAM 512GB SSD 15.6 Inch FHD Display Graphite Black Gaming Laptop FX506HE-HN018W,140510,129900,11709,Asus,Asus TUF Gaming F15 FX506HE,512GB SSD
Gigabyte Gaming G5 MF Intel Core i5 12500H 8GB RAM 512GB SSD 15.6 Inch FHD Display Matte Black Gaming Laptop,138880,130000,11573,Gigabyte,Gigabyte Gaming G5 MF,512GB SSD
"Asus VivoBook 15X OLED K3504VA Intel Core i7 1360P 16GB RAM, 512GB SSD 15.6 Inch FHD OLED Display Indie Black Laptop",140510,130500,11709,Asus,Asus VivoBook 15X OLED K3504VA,512GB SSD
"Lenovo IdeaPad Pro 5 16ARP8 AMD Ryzen 7 7735HS 16GB RAM, 512GB SSD 16 Inch 2.5K QHD WQXGA Display Arctic Grey Laptop",141050,130500,11754,Lenovo,Lenovo IdeaPad Pro 5 16ARP8,512GB SSD
"Asus TUF Gaming F15 FX507ZC4 Intel Core i7 12700H 8GB RAM, 512GB SSD 15.6 Inch FHD Display Mecha Gray Gaming Laptop",142680,131900,11890,Asus,Asus TUF Gaming F15 FX507ZC4,512GB SSD
Asus VivoBook Pro 15 M3500QC AMD Ryzen 5 5600H 16GB RAM 512GB SSD 15.6 Inch FHD Display Quiet Blue Laptop,142680,132000,11890,Asus,Asus VivoBook Pro 15 M3500QC,512GB SSD
Asus TUF Gaming F15 FX506HE Intel Core i5 11400H 8GB RAM 512GB SSD 15.6 Inch FHD Display Graphite Black Gaming Laptop,144310,133500,12026,Asus,Asus TUF Gaming F15 FX506HE,512GB SSD
Lenovo IdeaPad Gaming 3 15ARH7 AMD Ryzen 5 7535HS 8GB RAM 512GB SSD 15.6 Inch FHD Display Onyx Grey Gaming Laptop,144850,134000,12071,Lenovo,Lenovo IdeaPad Gaming 3 15ARH7,512GB SSD
Asus ZenBook 14 Flip OLED UP5401EA Intel Core i5 1135G7 8GB RAM 512GB SSD 14 Inch 2.8K OLED WQHD Touch Display Pine Grey Laptop,144310,135000,12026,Asus,Asus ZenBook 14 Flip OLED UP5401EA,512GB SSD
Microsoft Surface Laptop 5 Intel Core i5 1235U 8GB RAM 256GB SSD 13.5 Inch Pixelsense Multi Touch Display Platinum Alcantara Surface Laptop #QZI-00001,149190,138000,12433,Microsoft,Microsoft Surface Laptop 5,256GB
Gigabyte Gaming G5 KF Intel Core i5 12500H 8GB RAM 512GB SSD 15.6 Inch FHD Display Matte Black Gaming Laptop,147560,138000,12297,Gigabyte,Gigabyte Gaming G5 KF,512GB SSD
Lenovo IdeaPad Gaming 3 15ARH7 AMD Ryzen 7 7735HS 16GB RAM 512GB SSD 15.6 Inch FHD Display Onyx Grey Gaming Laptop,150270,139000,12523,Lenovo,Lenovo IdeaPad Gaming 3 15ARH7,512GB SSD
Asus VivoBook Pro 15 M3500QC AMD Ryzen 7 5800H 16GB RAM 512GB SSD 15.6 Inch FHD Display Quiet Blue Laptop,151140,139500,12595,Asus,Asus VivoBook Pro 15 M3500QC,512GB SSD
"Lenovo IdeaPad Slim 5i 16IRL8 Intel Core i7 13700H 16GB RAM, 512GB SSD 16 Inch 2K WUXGA Display Cloud Grey Laptop",151360,140000,12613,Lenovo,Lenovo IdeaPad Slim 5i 16IRL8,512GB
Asus TUF Gaming A15 FA507RE AMD Ryzen 7 6800H 16GB RAM 512GB SSD 15.6 Inch FHD Display Mecha Gray (TUF) Gaming Laptop,154610,142900,12884,Asus,Asus TUF Gaming A15 FA507RE,512GB SSD
Asus TUF Gaming A15 FA507RE AMD Ryzen 7 6800H 16GB RAM 512GB SSD 15.6 Inch FHD Display Jaeger Gray (TUF) Gaming Laptop,154610,142900,12884,Asus,Asus TUF Gaming A15 FA507RE,512GB SSD
Asus VivoBook Pro 15 M3500QC AMD Ryzen 7 5800H 16GB RAM 512GB SSD 15.6 Inch FHD OLED Display Quiet Blue Laptop #L1373W-M3500QC,156240,144500,13020,Asus,Asus VivoBook Pro 15 M3500QC,512GB SSD
Microsoft Surface Pro 9 (Wi-Fi) Intel Core i5 1235U 8GB RAM 256GB SSD 13 Inch Pixelsense Flow Multi Touch Display Sapphire 2-in-1 Detachable Laptop (Type Cover is sold separately),156780,145000,13065,Microsoft,Microsoft Surface Pro 9 (Wi-Fi),256GB SSD
Asus VivoBook S 16X M5602RA AMD Ryzen 7 6800H 16GB RAM 512GB SSD 16 Inch 4K WQUXGA OLED Display Sand Grey Laptop,158950,147000,13246,Asus,Asus VivoBook S 16X M5602RA,512GB SSD
Asus VivoBook 16X OLED K3605ZF Intel Core i5 12450H 16GB RAM 512GB SSD 16 Inch 3.2K OLED Display Indie Black Laptop,160040,148000,13337,Asus,Asus VivoBook 16X OLED K3605ZF,512GB SSD
"Lenovo LOQ Gaming 15IRH8 Intel Core i5 13420H 16GB RAM, 512GB SSD 15.6 Inch FHD IPS Display Storm Grey Gaming Laptop",160040,148000,13337,Lenovo,Lenovo LOQ Gaming 15IRH8,512GB SSD
